frame,elapsed_ms,capture_ms,copy_ms,native_texture
0,1.793,311.950,0.373,27
1,5.852,1.130,0.289,19
2,9.030,1.063,0.296,23
3,15.167,0.880,0.276,27
4,23.485,0.971,0.292,19
5,31.819,0.928,0.293,23
6,40.005,0.860,0.287,27
7,48.378,0.879,0.282,19
8,56.802,0.841,0.279,23
9,65.377,1.055,0.298,27
10,73.604,1.008,0.299,19
11,81.810,0.933,0.315,23
12,90.133,0.982,0.316,27
13,98.559,1.030,0.308,19
14,106.937,0.986,0.299,23
15,115.197,0.965,0.290,27
16,123.675,1.075,0.303,19
17,132.033,1.044,0.309,23
18,140.123,0.935,0.295,27
19,148.657,1.035,0.295,19
20,157.079,1.023,0.298,23
21,165.168,0.976,0.298,27
22,173.532,0.889,0.292,19
23,181.823,0.827,0.273,23
24,190.167,0.872,0.286,27
25,198.351,0.816,0.273,19
26,206.750,0.777,0.286,23
27,215.408,0.995,0.308,27
28,223.741,0.972,0.302,19
29,231.992,1.017,0.315,23
30,240.071,0.905,0.294,27
31,248.363,0.848,0.287,19
32,256.877,0.929,0.317,23
33,265.034,0.873,0.299,27
34,273.307,0.873,0.282,19
35,281.750,0.861,0.279,23
36,289.891,0.729,0.283,27
37,298.266,0.714,0.272,19
38,306.710,0.825,0.271,23
39,315.128,0.926,0.294,27
40,323.405,0.936,0.285,19
41,331.785,0.942,0.286,23
42,340.089,0.928,0.274,27
43,348.365,0.912,0.283,19
44,356.794,0.907,0.295,23
45,365.023,0.877,0.282,27
46,373.316,0.811,0.278,19
47,381.738,0.911,0.312,23
48,390.006,0.873,0.302,27
49,398.355,0.916,0.312,19
50,406.728,0.918,0.317,23
51,415.336,1.189,0.312,27
52,423.470,0.859,0.266,19
53,431.799,0.813,0.275,23
54,440.093,0.839,0.291,27
55,448.445,0.942,0.280,19
56,456.801,0.838,0.276,23
57,465.033,0.830,0.273,27
58,473.350,0.766,0.271,19
59,481.759,0.766,0.269,23
60,490.142,0.855,0.293,27
61,498.475,0.858,0.309,19
62,506.830,0.919,0.307,23
63,515.098,0.878,0.306,27
64,523.486,0.981,0.304,19
65,531.829,0.925,0.306,23
66,540.094,0.916,0.292,27
67,548.382,0.877,0.293,19
68,556.838,0.880,0.299,23
69,565.202,0.956,0.312,27
70,573.546,0.968,0.313,19
71,581.639,0.745,0.273,23
72,590.093,0.883,0.277,27
73,598.515,0.915,0.287,19
74,606.833,0.899,0.291,23
75,615.140,0.917,0.278,27
76,623.539,0.911,0.275,19
77,631.875,0.908,0.323,23
78,640.076,0.885,0.299,27
79,648.420,0.912,0.294,19
80,657.081,0.930,0.317,23
81,665.126,0.914,0.309,27
82,673.421,0.890,0.279,19
83,681.809,0.890,0.311,23
84,690.095,0.889,0.298,27
85,698.438,0.915,0.300,19
86,706.786,0.844,0.300,23
87,715.117,0.922,0.295,27
88,723.514,0.989,0.309,19
89,731.818,0.907,0.309,23
90,740.176,0.907,0.302,27
91,748.472,0.932,0.300,19
92,756.848,0.881,0.307,23
93,765.208,0.919,0.302,27
94,773.357,0.795,0.296,19
95,781.704,0.814,0.288,23
96,790.201,0.926,0.305,27
97,798.499,0.913,0.288,19
98,806.849,0.889,0.293,23
99,815.078,0.797,0.282,27
100,823.598,1.003,0.364,19
101,831.753,0.871,0.289,23
102,840.104,0.903,0.275,27
103,848.370,0.860,0.269,19
104,856.875,0.891,0.302,23
105,865.109,0.863,0.307,27
106,873.365,0.835,0.287,19
107,881.827,0.924,0.299,23
108,890.108,0.909,0.278,27
109,898.490,0.896,0.276,19
110,906.801,0.893,0.290,23
111,915.098,0.919,0.280,27
112,923.416,0.870,0.272,19
113,931.806,0.888,0.292,23
114,940.100,0.894,0.278,27
115,948.369,0.842,0.295,19
116,956.707,0.805,0.291,23
117,965.051,0.832,0.305,27
118,973.370,0.831,0.286,19
119,981.720,0.839,0.292,23
120,990.117,0.868,0.297,27
121,998.445,0.868,0.284,19
122,1006.700,0.807,0.290,23
123,1014.943,0.768,0.282,27
124,1023.305,0.789,0.281,19
125,1031.738,0.818,0.297,23
126,1040.063,0.854,0.298,27
127,1048.419,0.778,0.294,19
128,1056.865,0.837,0.305,23
129,1065.108,0.880,0.271,27
130,1073.476,0.904,0.276,19
131,1081.814,0.886,0.301,23
132,1090.130,0.901,0.289,27
133,1098.445,0.861,0.290,19
134,1106.889,0.936,0.303,23
135,1115.250,0.920,0.292,27
136,1123.642,1.008,0.303,19
137,1131.967,1.004,0.322,23
138,1140.210,0.966,0.301,27
139,1148.535,0.946,0.296,19
140,1156.971,0.927,0.312,23
141,1165.351,1.030,0.310,27
142,1173.583,0.974,0.299,19
143,1182.085,1.015,0.313,23
144,1190.334,1.052,0.302,27
145,1198.723,1.041,0.324,19
146,1207.156,1.060,0.292,23
147,1215.308,0.950,0.298,27
148,1223.686,0.998,0.320,19
149,1231.996,0.990,0.318,23
150,1240.519,1.130,0.299,27
151,1248.782,0.948,0.315,19
152,1257.084,0.998,0.297,23
153,1265.362,1.042,0.306,27
154,1273.694,0.936,0.290,19
155,1281.899,0.875,0.304,23
156,1290.544,1.152,0.296,27
157,1298.647,0.975,0.291,19
158,1307.000,0.873,0.293,23
159,1315.368,0.940,0.294,27
160,1323.503,0.872,0.291,19
161,1331.888,0.884,0.312,23
162,1340.073,0.792,0.277,27
163,1348.390,0.756,0.286,19
164,1356.791,0.749,0.283,23
165,1365.037,0.779,0.280,27
166,1373.396,0.767,0.287,19
167,1381.924,0.852,0.284,23
168,1390.117,0.825,0.282,27
169,1398.513,0.879,0.282,19
170,1406.803,0.852,0.287,23
171,1414.998,0.763,0.289,27
172,1423.427,0.831,0.292,19
173,1431.746,0.760,0.290,23
174,1440.066,0.857,0.286,27
175,1448.564,0.850,0.280,19
176,1456.886,0.874,0.296,23
177,1465.073,0.781,0.273,27
178,1473.617,0.912,0.320,19
179,1481.849,0.812,0.292,23
180,1490.039,0.748,0.276,27
181,1498.450,0.762,0.275,19
182,1506.721,0.706,0.283,23
183,1515.181,0.858,0.292,27
184,1523.550,0.895,0.308,19
185,1531.846,0.856,0.296,23
186,1540.113,0.840,0.277,27
187,1548.551,0.886,0.290,19
188,1556.917,0.842,0.295,23
189,1565.302,0.931,0.286,27
190,1573.486,0.856,0.277,19
191,1581.900,0.905,0.314,23
192,1590.138,0.872,0.278,27
193,1598.581,0.933,0.311,19
194,1606.852,0.869,0.285,23
195,1615.148,0.871,0.289,27
196,1623.763,1.031,0.306,19
197,1631.857,0.865,0.280,23
198,1640.146,0.891,0.281,27
199,1648.627,0.945,0.286,19
200,1656.975,0.897,0.290,23
201,1665.218,0.922,0.280,27
202,1673.627,0.975,0.306,19
203,1681.904,0.904,0.306,23
204,1690.259,0.942,0.298,27
205,1698.705,0.993,0.309,19
206,1706.925,0.926,0.302,23
207,1715.240,0.993,0.293,27
208,1723.643,0.937,0.285,19
209,1731.941,0.919,0.300,23
210,1740.385,1.003,0.292,27
211,1748.645,0.950,0.303,19
212,1757.030,0.944,0.294,23
213,1765.363,0.989,0.288,27
214,1773.644,0.946,0.289,19
215,1781.957,0.918,0.288,23
216,1790.187,0.852,0.287,27
217,1798.520,0.852,0.271,19
218,1806.805,0.807,0.272,23
219,1815.058,0.796,0.273,27
220,1823.419,0.763,0.280,19
221,1831.914,0.905,0.278,23
222,1840.218,0.956,0.281,27
223,1848.339,0.725,0.276,19
224,1856.970,0.891,0.306,23
225,1865.193,0.910,0.303,27
226,1873.411,0.785,0.289,19
227,1881.857,0.813,0.287,23
228,1890.156,0.850,0.287,27
229,1898.413,0.742,0.286,19
230,1906.812,0.803,0.273,23
231,1915.048,0.762,0.279,27
232,1923.424,0.815,0.283,19
233,1931.799,0.840,0.303,23
234,1940.188,0.842,0.283,27
235,1948.625,0.811,0.283,19
236,1956.849,0.784,0.290,23
237,1965.085,0.801,0.274,27
238,1973.564,0.921,0.284,19
239,1981.818,0.827,0.283,23
240,1990.176,0.835,0.285,27
241,1998.413,0.724,0.279,19
242,2006.780,0.775,0.277,23
243,2015.149,0.798,0.281,27
244,2023.429,0.739,0.289,19
245,2031.739,0.746,0.281,23
246,2040.047,0.767,0.268,27
247,2048.625,0.840,0.283,19
248,2056.892,0.756,0.273,23
249,2065.046,0.742,0.276,27
250,2073.418,0.779,0.280,19
251,2081.845,0.787,0.285,23
252,2090.313,0.808,0.279,27
253,2098.431,0.762,0.288,19
254,2106.918,0.801,0.286,23
255,2115.125,0.811,0.279,27
256,2123.483,0.832,0.275,19
257,2131.780,0.752,0.268,23
258,2140.056,0.789,0.277,27
259,2148.415,0.762,0.292,19
260,2156.869,0.786,0.285,23
261,2165.179,0.895,0.286,27
262,2173.450,0.766,0.285,19
263,2181.758,0.759,0.296,23
264,2190.195,0.893,0.290,27
265,2198.484,0.822,0.278,19
266,2206.805,0.818,0.303,23
267,2215.047,0.771,0.270,27
268,2223.474,0.797,0.284,19
269,2231.749,0.753,0.274,23
270,2240.215,0.833,0.279,27
271,2248.661,0.874,0.283,19
272,2256.966,0.872,0.294,23
273,2265.279,0.936,0.303,27
274,2273.489,0.825,0.268,19
275,2281.901,0.862,0.285,23
276,2290.090,0.747,0.281,27
277,2298.435,0.746,0.277,19
278,2306.799,0.768,0.286,23
279,2315.099,0.758,0.268,27
280,2323.609,0.916,0.298,19
281,2331.823,0.792,0.298,23
282,2340.377,1.007,0.316,27
283,2348.772,0.933,0.298,19
284,2357.070,0.926,0.305,23
285,2365.155,0.771,0.280,27
286,2373.722,0.970,0.288,19
287,2381.830,0.796,0.277,23
288,2390.263,0.913,0.279,27
289,2398.755,0.935,0.279,19
290,2407.152,1.014,0.317,23
291,2415.485,0.968,0.294,27
292,2423.733,0.969,0.291,19
293,2431.924,0.794,0.280,23
294,2440.395,0.877,0.287,27
295,2448.720,0.894,0.289,19
296,2457.074,0.891,0.290,23
297,2465.193,0.827,0.288,27
298,2473.522,0.804,0.282,19
299,2481.844,0.782,0.281,23
300,2490.165,0.817,0.277,27
301,2498.482,0.784,0.291,19
302,2506.768,0.713,0.275,23
303,2515.091,0.742,0.285,27
304,2523.491,0.762,0.270,19
305,2531.767,0.725,0.278,23
306,2540.200,0.876,0.269,27
307,2548.760,0.978,0.294,19
308,2556.894,0.830,0.289,23
309,2565.234,0.820,0.269,27
310,2573.613,0.890,0.273,19
311,2581.839,0.771,0.266,23
312,2590.180,0.841,0.266,27
313,2598.530,0.834,0.268,19
314,2606.827,0.804,0.264,23
315,2615.171,0.816,0.270,27
316,2623.529,0.847,0.287,19
317,2631.881,0.824,0.293,23
318,2640.218,0.864,0.288,27
319,2648.549,0.838,0.285,19
320,2656.891,0.788,0.301,23
321,2665.235,0.903,0.290,27
322,2673.510,0.824,0.291,19
323,2681.901,0.808,0.280,23
324,2690.171,0.740,0.268,27
325,2698.506,0.780,0.271,19
326,2706.806,0.747,0.273,23
327,2715.172,0.790,0.266,27
328,2723.551,0.831,0.275,19
329,2732.006,0.888,0.292,23
330,2740.393,0.980,0.292,27
331,2748.837,0.970,0.292,19
332,2757.120,0.961,0.292,23
333,2765.303,0.910,0.290,27
334,2773.490,0.757,0.272,19
335,2781.820,0.767,0.302,23
336,2790.392,0.988,0.304,27
337,2798.624,0.878,0.277,19
338,2807.182,1.007,0.289,23
339,2815.401,0.925,0.297,27
340,2823.784,0.907,0.296,19
341,2832.098,0.903,0.281,23
342,2840.316,0.827,0.279,27
343,2848.727,0.826,0.287,19
344,2857.013,0.791,0.271,23
345,2865.224,0.746,0.273,27
346,2873.710,0.931,0.303,19
347,2882.110,0.981,0.310,23
348,2890.251,0.845,0.278,27
349,2898.633,0.893,0.286,19
350,2907.106,0.947,0.309,23
351,2915.405,0.988,0.321,27
352,2923.706,0.961,0.305,19
353,2931.927,0.830,0.293,23
354,2940.379,0.974,0.308,27
355,2948.741,0.871,0.292,19
356,2957.076,0.943,0.320,23
357,2965.340,0.931,0.290,27
358,2973.638,0.922,0.285,19
359,2982.062,0.941,0.320,23
360,2990.423,1.007,0.316,27
361,2998.676,0.937,0.299,19
362,3006.910,0.819,0.284,23
363,3015.360,0.943,0.317,27
364,3023.694,0.943,0.314,19
365,3032.224,1.014,0.307,23
366,3040.397,0.966,0.307,27
367,3048.791,0.928,0.302,19
368,3057.120,0.963,0.306,23
369,3065.369,0.956,0.293,27
370,3073.708,0.935,0.297,19
371,3082.034,0.914,0.294,23
372,3090.412,0.967,0.298,27
373,3098.686,0.920,0.299,19
374,3106.974,0.856,0.281,23
375,3115.223,0.782,0.279,27
376,3123.510,0.774,0.278,19
377,3131.850,0.727,0.281,23
378,3140.190,0.769,0.281,27
379,3148.577,0.790,0.288,19
380,3156.920,0.716,0.279,23
381,3165.161,0.726,0.267,27
382,3173.554,0.740,0.271,19
383,3181.858,0.739,0.293,23
384,3190.230,0.789,0.284,27
385,3198.700,0.883,0.294,19
386,3206.964,0.810,0.284,23
387,3215.284,0.848,0.263,27
388,3223.769,0.931,0.284,19
389,3231.916,0.741,0.273,23
390,3240.314,0.870,0.280,27
391,3248.779,0.857,0.284,19
392,3257.018,0.787,0.269,23
393,3265.221,0.750,0.260,27
394,3273.635,0.818,0.272,19
395,3281.968,0.817,0.276,23
396,3290.221,0.808,0.273,27
397,3298.642,0.868,0.274,19
398,3307.037,0.854,0.271,23
399,3315.390,0.945,0.278,27
400,3323.615,0.842,0.280,19
401,3331.799,0.699,0.272,23
402,3340.114,0.725,0.269,27
403,3348.501,0.741,0.275,19
404,3356.840,0.692,0.273,23
405,3365.140,0.744,0.273,27
406,3373.648,0.789,0.282,19
407,3382.039,0.753,0.273,23
408,3390.334,0.811,0.270,27
409,3398.752,0.863,0.289,19
410,3407.061,0.891,0.305,23
411,3415.423,0.922,0.293,27
412,3423.773,0.900,0.285,19
413,3432.063,0.897,0.283,23
414,3440.412,0.974,0.294,27
415,3448.742,0.875,0.278,19
416,3457.112,0.905,0.303,23
417,3465.305,0.862,0.282,27
418,3473.759,0.976,0.285,19
419,3481.924,0.802,0.268,23
420,3490.306,0.829,0.267,27
421,3498.684,0.868,0.286,19
422,3507.054,0.942,0.308,23
423,3515.323,0.869,0.280,27
424,3523.741,0.934,0.306,19
425,3532.022,0.903,0.292,23
426,3540.296,0.804,0.272,27
427,3548.784,0.840,0.300,19
428,3557.153,0.853,0.282,23
429,3565.453,0.864,0.287,27
430,3573.785,0.885,0.306,19
431,3582.079,0.920,0.312,23
432,3590.321,0.875,0.309,27
433,3598.791,0.891,0.290,19
434,3606.914,0.819,0.294,23
435,3615.339,0.886,0.284,27
436,3623.712,0.910,0.301,19
437,3631.925,0.820,0.308,23
438,3640.316,0.893,0.296,27
439,3648.660,0.891,0.293,19
440,3657.162,0.902,0.312,23
441,3665.334,0.884,0.298,27
442,3673.784,0.923,0.310,19
443,3682.065,0.870,0.290,23
444,3690.321,0.771,0.292,27
445,3698.720,0.877,0.296,19
446,3706.908,0.791,0.320,23
447,3715.486,0.963,0.300,27
448,3723.853,0.947,0.330,19
449,3731.962,0.743,0.287,23
450,3740.286,0.774,0.287,27
451,3748.747,0.761,0.294,19
452,3756.996,0.736,0.289,23
453,3765.211,0.735,0.288,27
454,3773.651,0.757,0.287,19
455,3781.940,0.737,0.287,23
456,3790.282,0.781,0.291,27
457,3798.668,0.770,0.288,19
458,3806.912,0.722,0.289,23
459,3815.228,0.728,0.289,27
460,3823.663,0.773,0.289,19
461,3831.919,0.729,0.299,23
462,3840.251,0.771,0.290,27
463,3848.695,0.783,0.290,19
464,3857.112,0.797,0.293,23
465,3865.300,0.752,0.288,27
466,3873.691,0.786,0.292,19
467,3882.017,0.784,0.288,23
468,3890.344,0.730,0.284,27
469,3898.814,0.919,0.329,19
470,3907.116,0.925,0.310,23
471,3915.471,0.979,0.313,27
472,3923.832,0.942,0.306,19
473,3932.254,0.999,0.297,23
474,3940.449,0.944,0.292,27
475,3948.896,0.940,0.298,19
476,3957.336,1.067,0.300,23
477,3965.443,0.919,0.294,27
478,3973.855,0.959,0.302,19
479,3982.150,0.916,0.304,23
480,3990.413,0.894,0.291,27
481,3998.851,0.878,0.309,19
482,4007.122,0.907,0.295,23
483,4015.510,0.958,0.290,27
484,4023.803,0.919,0.317,19
485,4031.995,0.785,0.303,23
486,4040.359,0.845,0.305,27
487,4048.834,0.905,0.324,19
488,4057.179,0.950,0.313,23
489,4065.406,0.927,0.308,27
490,4073.763,0.907,0.333,19
491,4082.048,0.852,0.314,23
492,4090.396,0.892,0.326,27
493,4098.897,0.951,0.325,19
494,4106.988,0.788,0.308,23
495,4115.312,0.817,0.307,27
496,4123.753,0.895,0.311,19
497,4131.975,0.817,0.303,23
498,4140.356,0.861,0.316,27
499,4148.749,0.851,0.326,19
500,4157.012,0.759,0.303,23
501,4165.254,0.771,0.274,27
502,4173.598,0.731,0.285,19
503,4182.083,0.900,0.305,23
504,4190.545,0.964,0.293,27
505,4198.741,0.796,0.294,19
506,4207.142,0.909,0.299,23
507,4215.426,0.927,0.298,27
508,4223.858,0.959,0.310,19
509,4232.031,0.802,0.283,23
510,4240.585,1.021,0.294,27
511,4248.893,0.889,0.321,19
512,4257.221,0.928,0.291,23
513,4265.375,0.788,0.302,27
514,4273.692,0.830,0.307,19
515,4282.150,0.874,0.292,23
516,4290.293,0.781,0.290,27
517,4298.743,0.821,0.305,19
518,4307.099,0.889,0.294,23
519,4315.421,0.908,0.286,27
520,4323.834,0.882,0.295,19
521,4332.037,0.792,0.286,23
522,4340.294,0.746,0.284,27
523,4348.820,0.824,0.292,19
524,4357.188,0.857,0.306,23
525,4365.374,0.864,0.286,27
526,4373.762,0.876,0.286,19
527,4382.347,1.009,0.295,23
528,4390.367,0.791,0.291,27
529,4398.753,0.853,0.283,19
530,4407.020,0.810,0.291,23
531,4415.266,0.767,0.274,27
532,4423.740,0.853,0.283,19
533,4432.082,0.876,0.307,23
534,4440.494,0.996,0.306,27
535,4449.132,0.961,0.314,19
536,4457.547,1.031,0.314,23
537,4465.676,1.018,0.299,27
538,4473.856,0.816,0.294,19
539,4482.210,0.856,0.287,23
540,4490.572,0.829,0.287,27
541,4498.868,0.865,0.294,19
542,4507.113,0.821,0.294,23
543,4515.351,0.806,0.289,27
544,4523.834,0.915,0.295,19
545,4532.045,0.829,0.287,23
546,4540.493,0.885,0.311,27
547,4548.722,0.826,0.295,19
548,4557.173,0.930,0.284,23
549,4565.401,0.886,0.281,27
550,4573.755,0.866,0.304,19
551,4582.060,0.853,0.300,23
552,4590.374,0.847,0.273,27
553,4598.766,0.883,0.271,19
554,4607.036,0.833,0.286,23
555,4615.415,0.857,0.269,27
556,4623.755,0.858,0.288,19
557,4632.134,0.922,0.283,23
558,4640.415,0.916,0.266,27
559,4648.843,0.866,0.305,19
560,4657.196,0.769,0.271,23
561,4665.661,0.911,0.301,27
562,4673.775,0.761,0.272,19
563,4682.134,0.796,0.282,23
564,4690.576,0.897,0.278,27
565,4698.936,0.855,0.300,19
566,4707.230,0.898,0.309,23
567,4715.506,0.810,0.293,27
568,4723.837,0.810,0.295,19
569,4732.068,0.765,0.281,23
570,4740.583,0.876,0.296,27
571,4748.912,0.804,0.284,19
572,4757.192,0.815,0.299,23
573,4765.591,0.896,0.296,27
574,4773.756,0.827,0.300,19
575,4782.121,0.888,0.295,23
576,4790.403,0.785,0.303,27
577,4798.839,0.885,0.299,19
578,4807.099,0.860,0.301,23
579,4815.392,0.810,0.303,27
580,4823.781,0.843,0.285,19
581,4832.048,0.803,0.272,23
582,4840.449,0.878,0.299,27
583,4848.819,0.788,0.285,19
584,4857.136,0.797,0.288,23
585,4865.524,0.887,0.298,27
586,4873.773,0.806,0.275,19
587,4881.996,0.768,0.306,23
588,4890.606,0.935,0.283,27
589,4898.763,0.767,0.280,19
590,4907.003,0.746,0.275,23
591,4915.279,0.697,0.271,27
592,4923.829,0.899,0.290,19
593,4932.023,0.788,0.284,23
594,4940.350,0.749,0.266,27
595,4948.746,0.756,0.293,19
596,4957.155,0.864,0.282,23
597,4965.375,0.784,0.272,27
598,4973.703,0.758,0.281,19
599,4981.992,0.744,0.268,23
600,4990.507,0.866,0.279,27
601,4998.777,0.825,0.282,19
602,5007.023,0.724,0.275,23
603,5015.427,0.819,0.273,27
604,5023.772,0.856,0.275,19
605,5032.152,0.851,0.273,23
606,5040.414,0.869,0.272,27
607,5048.727,0.736,0.277,19
608,5057.136,0.809,0.265,23
609,5065.311,0.737,0.269,27
610,5073.732,0.801,0.286,19
611,5082.111,0.780,0.264,23
612,5090.529,0.814,0.267,27
613,5098.734,0.760,0.280,19
614,5107.053,0.783,0.271,23
615,5115.493,0.851,0.278,27
616,5123.789,0.820,0.290,19
617,5132.031,0.783,0.276,23
618,5140.389,0.792,0.281,27
619,5148.727,0.720,0.278,19
620,5157.133,0.777,0.277,23
621,5165.380,0.725,0.273,27
622,5173.708,0.774,0.261,19
623,5182.042,0.807,0.276,23
624,5190.492,0.882,0.276,27
625,5198.737,0.797,0.279,19
626,5206.921,0.694,0.261,23
627,5215.386,0.754,0.270,27
628,5223.852,0.873,0.277,19
629,5232.103,0.795,0.270,23
630,5240.420,0.840,0.276,27
631,5248.956,0.862,0.278,19
632,5257.232,0.894,0.281,23
633,5265.554,0.903,0.281,27
634,5273.807,0.890,0.289,19
635,5282.174,0.900,0.280,23
636,5290.496,0.874,0.282,27
637,5298.847,0.885,0.279,19
638,5307.111,0.862,0.296,23
639,5315.411,0.738,0.279,27
640,5323.796,0.785,0.284,19
641,5332.128,0.816,0.273,23
642,5340.477,0.839,0.273,27
643,5348.887,0.748,0.274,19
644,5357.175,0.799,0.272,23
645,5365.494,0.836,0.280,27
646,5373.783,0.801,0.279,19
647,5382.232,0.744,0.275,23
648,5390.765,0.775,0.270,27
649,5398.804,0.745,0.263,19
650,5407.167,0.872,0.276,23
651,5415.581,0.960,0.276,27
652,5423.768,0.806,0.273,19
653,5433.120,1.839,1.325,23
654,5440.509,0.889,0.270,27
655,5449.072,0.902,0.281,19
656,5457.197,0.830,0.272,23
657,5465.440,0.791,0.269,27
658,5473.867,0.813,0.283,19
659,5482.110,0.806,0.273,23
660,5490.507,0.832,0.273,27
661,5498.732,0.739,0.278,19
662,5507.166,0.884,0.277,23
663,5515.426,0.743,0.272,27
664,5523.855,0.900,0.289,19
665,5532.239,0.909,0.286,23
666,5540.545,0.916,0.287,27
667,5549.012,0.825,0.292,19
668,5557.318,0.914,0.294,23
669,5565.491,0.834,0.284,27
670,5573.877,0.877,0.292,19
671,5582.202,0.913,0.293,23
672,5590.505,0.866,0.274,27
673,5598.844,0.867,0.292,19
674,5607.197,0.932,0.288,23
675,5615.495,0.848,0.284,27
676,5623.906,0.851,0.292,19
677,5632.195,0.884,0.279,23
678,5640.556,0.915,0.277,27
679,5648.865,0.806,0.272,19
680,5657.245,0.821,0.292,23
681,5665.394,0.733,0.279,27
682,5673.919,0.888,0.291,19
683,5682.225,0.892,0.293,23
684,5690.453,0.774,0.283,27
685,5698.843,0.864,0.289,19
686,5707.066,0.754,0.281,23
687,5715.490,0.855,0.286,27
688,5723.813,0.811,0.285,19
689,5732.252,0.932,0.284,23
690,5740.418,0.783,0.285,27
691,5748.885,0.747,0.290,19
692,5757.130,0.747,0.287,23
693,5765.409,0.764,0.284,27
694,5773.819,0.822,0.274,19
695,5782.172,0.848,0.284,23
696,5790.572,0.895,0.279,27
697,5798.842,0.854,0.285,19
698,5807.123,0.832,0.285,23
699,5815.575,0.886,0.282,27
700,5823.897,0.867,0.291,19
701,5832.152,0.767,0.284,23
702,5840.582,0.925,0.289,27
703,5848.836,0.786,0.272,19
704,5857.261,0.876,0.296,23
705,5865.524,0.860,0.297,27
706,5873.792,0.776,0.277,19
707,5882.316,0.940,0.280,23
708,5890.652,0.943,0.283,27
709,5898.798,0.772,0.286,19
710,5907.130,0.792,0.272,23
711,5915.545,0.872,0.283,27
712,5923.869,0.852,0.269,19
713,5932.115,0.817,0.279,23
714,5940.447,0.818,0.273,27
715,5948.931,0.783,0.275,19
716,5957.251,0.830,0.279,23
717,5965.635,0.956,0.288,27
718,5973.852,0.845,0.315,19
719,5982.105,0.776,0.278,23
720,5990.575,0.916,0.287,27
721,5998.904,0.859,0.275,19
722,6007.137,0.789,0.273,23
723,6015.494,0.793,0.271,27
724,6023.892,0.865,0.278,19
725,6032.389,1.044,0.307,23
726,6040.529,0.869,0.276,27
727,6048.739,0.733,0.279,19
728,6057.281,0.886,0.275,23
729,6065.534,0.873,0.277,27
730,6074.052,0.986,0.278,19
731,6082.193,0.866,0.283,23
732,6090.512,0.833,0.281,27
733,6098.866,0.851,0.284,19
734,6107.263,0.920,0.282,23
735,6115.642,0.922,0.277,27
736,6123.906,0.841,0.297,19
737,6132.396,0.972,0.302,23
738,6140.682,0.899,0.286,27
739,6148.969,0.853,0.277,19
740,6157.143,0.733,0.273,23
741,6165.552,0.857,0.273,27
742,6173.886,0.884,0.286,19
743,6182.347,0.987,0.306,23
744,6190.602,0.898,0.290,27
745,6198.848,0.802,0.272,19
746,6207.198,0.843,0.269,23
747,6215.432,0.732,0.269,27
748,6223.833,0.791,0.279,19
749,6232.212,0.860,0.278,23
750,6240.683,0.989,0.282,27
751,6248.976,0.856,0.285,19
752,6257.256,0.844,0.292,23
753,6265.479,0.794,0.290,27
754,6273.815,0.752,0.288,19
755,6282.249,0.884,0.289,23
756,6290.568,0.881,0.280,27
757,6298.924,0.842,0.293,19
758,6307.342,0.852,0.287,23
759,6315.713,0.928,0.299,27
760,6323.925,0.828,0.282,19
761,6332.318,0.949,0.277,23
762,6340.645,0.940,0.280,27
763,6348.944,0.794,0.289,19
764,6357.309,0.802,0.281,23
765,6365.608,0.854,0.279,27
766,6373.913,0.777,0.278,19
767,6382.246,0.824,0.280,23
768,6390.630,0.822,0.291,27
769,6398.986,0.890,0.297,19
770,6407.231,0.811,0.281,23
771,6415.588,0.786,0.286,27
772,6423.911,0.770,0.285,19
773,6432.178,0.788,0.285,23
774,6440.644,0.873,0.297,27
775,6449.015,0.808,0.293,19
776,6457.243,0.751,0.289,23
777,6465.581,0.804,0.269,27
778,6473.882,0.765,0.290,19
779,6482.366,0.875,0.293,23
780,6490.562,0.840,0.286,27
781,6498.918,0.802,0.293,19
782,6507.312,0.888,0.285,23
783,6515.626,0.916,0.276,27
784,6523.929,0.810,0.294,19
785,6532.219,0.811,0.277,23
786,6540.583,0.846,0.279,27
787,6548.931,0.736,0.290,19
788,6557.287,0.718,0.274,23
789,6565.656,0.894,0.282,27
790,6573.933,0.809,0.291,19
791,6582.185,0.742,0.271,23
792,6590.650,0.791,0.281,27
793,6599.165,0.902,0.318,19
794,6607.267,0.720,0.274,23
795,6615.659,0.817,0.274,27
796,6623.958,0.775,0.270,19
797,6632.187,0.750,0.276,23
798,6640.730,0.968,0.285,27
799,6649.196,0.853,0.278,19
800,6657.465,0.827,0.279,23
801,6665.809,0.922,0.280,27
802,6674.063,0.882,0.312,19
803,6682.212,0.708,0.262,23
804,6690.684,0.804,0.273,27
805,6698.923,0.750,0.272,19
806,6707.169,0.694,0.266,23
807,6715.558,0.737,0.285,27
808,6723.953,0.752,0.266,19
809,6732.335,0.907,0.333,23
810,6740.699,0.892,0.311,27
811,6749.082,0.856,0.299,19
812,6757.365,0.836,0.304,23
813,6765.712,0.863,0.298,27
814,6773.949,0.832,0.301,19
815,6782.300,0.822,0.272,23
816,6790.777,1.028,0.320,27
817,6799.046,0.921,0.283,19
818,6807.246,0.866,0.286,23
819,6815.556,0.801,0.286,27
820,6824.003,0.887,0.299,19
821,6832.375,0.967,0.307,23
822,6840.728,0.976,0.284,27
823,6848.950,0.792,0.272,19
824,6857.300,0.865,0.292,23
825,6865.563,0.820,0.272,27
826,6873.901,0.808,0.286,19
827,6882.337,0.886,0.290,23
828,6890.661,0.885,0.304,27
829,6898.933,0.827,0.294,19
830,6907.293,0.873,0.292,23
831,6915.657,0.862,0.291,27
832,6923.892,0.771,0.279,19
833,6932.231,0.824,0.288,23
834,6940.710,0.903,0.277,27
835,6948.950,0.802,0.284,19
836,6957.362,0.868,0.275,23
837,6965.660,0.886,0.294,27
838,6973.918,0.791,0.277,19
839,6982.242,0.820,0.266,23
840,6990.629,0.861,0.281,27
841,6998.956,0.802,0.271,19
842,7007.295,0.815,0.273,23
843,7015.639,0.848,0.277,27
844,7023.902,0.782,0.279,19
845,7032.249,0.842,0.278,23
846,7040.684,0.925,0.287,27
847,7048.875,0.770,0.283,19
848,7057.329,0.853,0.293,23
849,7065.657,0.867,0.286,27
850,7073.989,0.827,0.290,19
851,7082.288,0.808,0.286,23
852,7090.654,0.866,0.311,27
853,7098.877,0.767,0.283,19
854,7107.276,0.829,0.284,23
855,7115.638,0.831,0.303,27
856,7124.151,0.886,0.273,19
857,7132.469,0.838,0.277,23
858,7140.693,0.831,0.269,27
859,7148.974,0.813,0.270,19
860,7157.262,0.775,0.288,23
861,7165.623,0.821,0.270,27
862,7173.815,0.697,0.278,19
863,7182.380,0.819,0.277,23
864,7190.745,0.906,0.309,27
865,7199.079,0.893,0.290,19
866,7207.368,0.868,0.289,23
867,7215.930,0.994,0.300,27
868,7224.328,0.941,0.286,19
869,7232.589,0.945,0.290,23
870,7240.732,0.824,0.255,27
871,7249.222,0.982,0.293,19
872,7257.621,0.944,0.270,23
873,7271.018,0.933,0.273,27
874,7282.744,0.952,0.278,19
875,7290.960,0.954,0.277,23
876,7299.233,0.882,0.267,27
877,7307.650,0.949,0.260,19
878,7318.470,0.817,0.270,23
879,7324.436,0.946,0.299,27
880,7332.700,1.017,0.300,19
881,7340.894,0.910,0.301,23
882,7349.123,0.780,0.270,27
883,7357.655,0.916,0.294,19
884,7365.743,0.796,0.279,23
885,7373.952,0.754,0.282,27
886,7382.296,0.772,0.269,19
887,7390.688,0.822,0.276,23
888,7399.035,0.833,0.284,27
889,7407.254,0.750,0.274,19
890,7415.696,0.843,0.278,23
891,7423.849,0.713,0.269,27
892,7432.306,0.864,0.267,19
893,7440.717,0.893,0.288,23
894,7448.874,0.773,0.276,27
895,7457.275,0.731,0.269,19
896,7465.785,0.877,0.294,23
897,7473.917,0.735,0.265,27
898,7482.385,0.878,0.277,19
899,7490.728,0.911,0.271,23
900,7499.012,0.866,0.275,27
901,7507.382,0.909,0.305,19
902,7515.690,0.860,0.275,23
903,7523.863,0.721,0.271,27
904,7532.217,0.723,0.262,19
905,7540.623,0.817,0.272,23
906,7548.909,0.722,0.290,27
907,7557.260,0.708,0.264,19
908,7565.583,0.744,0.268,23
909,7573.969,0.747,0.274,27
910,7582.209,0.715,0.266,19
911,7590.587,0.752,0.271,23
912,7598.862,0.701,0.273,27
913,7607.220,0.724,0.267,19
914,7615.593,0.736,0.271,23
915,7624.032,0.776,0.270,27
916,7632.224,0.716,0.275,19
917,7640.719,0.871,0.277,23
918,7649.001,0.752,0.274,27
919,7657.287,0.699,0.267,19
920,7665.608,0.726,0.263,23
921,7673.897,0.703,0.272,27
922,7682.258,0.701,0.266,19
923,7690.717,0.795,0.266,23
924,7698.977,0.768,0.277,27
925,7707.200,0.702,0.266,19
926,7715.685,0.812,0.286,23
927,7723.956,0.757,0.285,27
928,7732.274,0.783,0.307,19
929,7740.712,0.874,0.285,23
930,7748.930,0.750,0.292,27
931,7757.326,0.766,0.284,19
932,7765.631,0.789,0.291,23
933,7773.891,0.754,0.294,27
934,7782.265,0.768,0.286,19
935,7790.638,0.791,0.287,23
936,7798.921,0.745,0.287,27
937,7807.287,0.792,0.286,19
938,7815.664,0.786,0.286,23
939,7824.019,0.838,0.285,27
940,7832.362,0.868,0.288,19
941,7840.736,0.918,0.285,23
942,7848.989,0.840,0.298,27
943,7857.364,0.842,0.282,19
944,7865.753,0.906,0.285,23
945,7874.060,0.882,0.301,27
946,7882.410,0.893,0.279,19
947,7890.797,0.919,0.302,23
948,7899.100,0.911,0.284,27
949,7907.405,0.896,0.281,19
950,7915.758,0.869,0.282,23
951,7924.003,0.847,0.286,27
952,7932.323,0.819,0.284,19
953,7940.697,0.864,0.292,23
954,7948.990,0.793,0.282,27
955,7957.356,0.776,0.280,19
956,7965.999,0.953,0.293,23
957,7975.265,1.950,0.288,27
958,7982.540,0.916,0.287,19
959,7990.807,0.871,0.298,23
960,7999.089,0.881,0.287,27
961,8007.534,0.971,0.286,19
962,8015.745,0.848,0.284,23
963,8024.141,0.929,0.285,27
964,8032.430,0.855,0.292,19
965,8040.792,0.915,0.303,23
966,8049.281,0.939,0.308,27
967,8058.516,1.803,0.295,19
968,8065.921,0.938,0.317,23
969,8074.185,0.930,0.313,27
970,8082.617,0.829,0.308,19
971,8090.946,0.894,0.284,23
972,8099.216,0.749,0.277,27
973,8107.578,0.909,0.277,19
974,8115.796,0.869,0.296,23
975,8124.099,0.887,0.273,27
976,8132.316,0.731,0.284,19
977,8140.706,0.780,0.304,23
978,8149.111,0.759,0.283,27
979,8157.590,0.892,0.278,19
980,8165.787,0.801,0.290,23
981,8174.014,0.760,0.288,27
982,8182.273,0.712,0.266,19
983,8190.729,0.780,0.289,23
984,8199.008,0.775,0.274,27
985,8207.326,0.744,0.277,19
986,8215.697,0.721,0.284,23
987,8224.093,0.828,0.283,27
988,8232.352,0.765,0.268,19
989,8240.707,0.736,0.286,23
990,8249.088,0.744,0.282,27
991,8257.580,0.923,0.327,19
992,8265.693,0.767,0.277,23
993,8274.000,0.766,0.280,27
994,8282.331,0.756,0.275,19
995,8290.700,0.787,0.276,23
996,8298.979,0.778,0.278,27
997,8307.258,0.724,0.274,19
998,8315.850,0.933,0.284,23
999,8324.077,0.853,0.279,27
1000,8332.372,0.775,0.275,19
1001,8340.750,0.835,0.280,23
1002,8348.994,0.750,0.276,27
1003,8357.407,0.777,0.275,19
1004,8365.735,0.786,0.305,23
1005,8374.001,0.785,0.315,27
1006,8382.238,0.700,0.272,19
1007,8390.688,0.782,0.278,23
1008,8399.002,0.766,0.287,27
1009,8407.310,0.746,0.280,19
1010,8415.721,0.794,0.306,23
1011,8424.030,0.819,0.304,27
1012,8432.312,0.724,0.284,19
1013,8440.746,0.815,0.296,23
1014,8449.115,0.800,0.292,27
1015,8457.396,0.769,0.280,19
1016,8465.679,0.771,0.283,23
1017,8473.974,0.764,0.298,27
1018,8482.323,0.754,0.285,19
1019,8490.693,0.762,0.270,23
1020,8498.998,0.754,0.281,27
1021,8507.283,0.721,0.281,19
1022,8515.695,0.779,0.285,23
1023,8524.056,0.822,0.286,27
1024,8532.345,0.768,0.271,19
1025,8540.729,0.808,0.295,23
1026,8549.013,0.789,0.279,27
1027,8557.429,0.785,0.287,19
1028,8565.709,0.784,0.277,23
1029,8573.995,0.767,0.300,27
1030,8582.535,0.907,0.275,19
1031,8590.792,0.802,0.291,23
1032,8599.288,0.916,0.293,27
1033,8607.553,0.932,0.283,19
1034,8615.729,0.762,0.282,23
1035,8624.045,0.792,0.282,27
1036,8632.395,0.766,0.282,19
1037,8640.898,0.913,0.293,23
1038,8649.212,0.813,0.282,27
1039,8657.446,0.755,0.286,19
1040,8665.721,0.755,0.284,23
1041,8674.195,0.942,0.285,27
1042,8682.571,0.917,0.281,19
1043,8690.891,0.877,0.285,23
1044,8699.198,0.899,0.282,27
1045,8707.430,0.763,0.278,19
1046,8715.901,0.892,0.285,23
1047,8724.069,0.802,0.281,27
1048,8732.550,0.902,0.277,19
1049,8740.769,0.788,0.272,23
1050,8749.195,0.913,0.281,27
1051,8757.444,0.761,0.281,19
1052,8765.856,0.882,0.298,23
1053,8774.078,0.812,0.284,27
1054,8782.534,0.868,0.285,19
1055,8790.728,0.776,0.286,23
1056,8798.996,0.743,0.278,27
1057,8807.610,0.940,0.279,19
1058,8815.760,0.777,0.289,23
1059,8824.219,0.944,0.298,27
1060,8832.557,0.916,0.295,19
1061,8840.884,0.913,0.297,23
1062,8849.078,0.775,0.285,27
1063,8857.662,0.960,0.297,19
1064,8865.716,0.758,0.294,23
1065,8874.037,0.804,0.278,27
1066,8882.404,0.727,0.278,19
1067,8890.738,0.777,0.293,23
1068,8899.040,0.761,0.273,27
1069,8907.383,0.758,0.282,19
1070,8915.745,0.768,0.289,23
1071,8924.294,0.870,0.276,27
1072,8932.427,0.745,0.277,19
1073,8940.750,0.737,0.278,23
1074,8949.142,0.747,0.265,27
1075,8957.430,0.730,0.266,19
1076,8965.718,0.715,0.266,23
1077,8974.037,0.766,0.269,27
1078,8982.391,0.694,0.262,19
1079,8990.895,0.865,0.284,23
1080,8999.209,0.895,0.278,27
1081,9007.563,0.908,0.281,19
1082,9015.970,0.892,0.282,23
1083,9024.206,0.903,0.281,27
1084,9032.546,0.890,0.285,19
1085,9040.884,0.913,0.295,23
1086,9049.161,0.886,0.288,27
1087,9057.549,0.880,0.279,19
1088,9065.847,0.841,0.265,23
1089,9074.150,0.863,0.280,27
1090,9082.372,0.729,0.281,19
1091,9090.833,0.844,0.262,23
1092,9099.161,0.856,0.280,27
1093,9107.494,0.854,0.278,19
1094,9115.868,0.857,0.273,23
1095,9124.128,0.819,0.273,27
1096,9132.361,0.705,0.266,19
1097,9140.736,0.729,0.270,23
1098,9148.998,0.746,0.270,27
1099,9157.437,0.726,0.267,19
1100,9165.755,0.783,0.267,23
1101,9174.144,0.781,0.278,27
1102,9182.599,0.851,0.267,19
1103,9190.973,0.883,0.268,23
1104,9199.159,0.771,0.267,27
1105,9207.445,0.714,0.263,19
1106,9215.855,0.764,0.286,23
1107,9224.274,0.910,0.276,27
1108,9232.649,0.897,0.288,19
1109,9240.986,0.896,0.276,23
1110,9249.207,0.842,0.282,27
1111,9257.706,0.920,0.278,19
1112,9266.018,0.955,0.278,23
1113,9274.238,0.878,0.275,27
1114,9282.635,0.877,0.274,19
1115,9290.924,0.844,0.286,23
1116,9299.271,0.871,0.273,27
1117,9307.628,0.885,0.279,19
1118,9315.960,0.882,0.279,23
1119,9324.261,0.881,0.275,27
1120,9332.618,0.873,0.282,19
1121,9340.977,0.904,0.277,23
1122,9349.237,0.857,0.274,27
1123,9357.710,0.881,0.276,19
1124,9365.961,0.858,0.282,23
1125,9374.370,0.963,0.293,27
1126,9382.660,0.914,0.286,19
1127,9390.783,0.722,0.295,23
1128,9399.096,0.719,0.276,27
1129,9407.474,0.734,0.272,19
1130,9415.818,0.731,0.281,23
1131,9424.232,0.815,0.285,27
1132,9432.525,0.801,0.294,19
1133,9440.887,0.766,0.303,23
1134,9449.098,0.765,0.289,27
1135,9457.428,0.750,0.282,19
1136,9465.768,0.754,0.285,23
1137,9474.071,0.768,0.287,27
1138,9482.453,0.755,0.284,19
1139,9490.757,0.755,0.273,23
1140,9499.088,0.780,0.291,27
1141,9507.420,0.732,0.280,19
1142,9515.800,0.746,0.275,23
1143,9524.422,0.893,0.297,27
1144,9532.551,0.782,0.274,19
1145,9540.860,0.740,0.271,23
1146,9549.129,0.738,0.266,27
1147,9557.549,0.754,0.268,19
1148,9565.814,0.737,0.286,23
1149,9574.209,0.795,0.284,27
1150,9582.509,0.755,0.279,19
1151,9590.822,0.758,0.294,23
1152,9599.167,0.785,0.294,27
1153,9607.486,0.750,0.275,19
1154,9615.809,0.730,0.285,23
1155,9624.120,0.728,0.265,27
1156,9632.506,0.755,0.270,19
1157,9640.963,0.814,0.270,23
1158,9649.197,0.753,0.273,27
1159,9657.738,0.742,0.277,19
1160,9665.868,0.735,0.271,23
1161,9674.168,0.756,0.275,27
1162,9682.613,0.787,0.275,19
1163,9691.004,0.827,0.271,23
1164,9699.203,0.769,0.270,27
1165,9707.539,0.766,0.270,19
1166,9715.840,0.720,0.271,23
1167,9724.205,0.784,0.276,27
1168,9732.522,0.758,0.276,19
1169,9740.814,0.695,0.270,23
1170,9749.248,0.685,0.267,27
1171,9757.580,0.732,0.275,19
1172,9765.812,0.699,0.270,23
1173,9774.147,0.729,0.267,27
1174,9782.540,0.792,0.284,19
1175,9790.870,0.729,0.282,23
1176,9799.156,0.754,0.279,27
1177,9807.529,0.764,0.283,19
1178,9815.831,0.718,0.280,23
1179,9824.216,0.814,0.281,27
1180,9832.629,0.819,0.298,19
1181,9841.010,0.824,0.293,23
1182,9849.180,0.778,0.301,27
1183,9857.806,0.942,0.330,19
1184,9865.894,0.771,0.299,23
1185,9874.221,0.734,0.288,27
1186,9882.666,0.795,0.287,19
1187,9890.903,0.743,0.296,23
1188,9899.218,0.740,0.287,27
1189,9907.604,0.783,0.297,19
1190,9915.871,0.725,0.291,23
1191,9924.244,0.750,0.285,27
1192,9932.668,0.769,0.287,19
1193,9940.918,0.727,0.290,23
1194,9949.325,0.755,0.289,27
1195,9957.680,0.786,0.290,19
1196,9965.901,0.727,0.287,23
1197,9974.202,0.751,0.282,27
1198,9982.621,0.870,0.294,19
1199,9991.083,0.927,0.321,23
1200,9999.469,0.907,0.306,27
1201,10007.791,0.907,0.312,19
1202,10016.155,0.912,0.271,23
1203,10024.514,1.010,0.281,27
1204,10032.683,0.840,0.275,19
1205,10041.148,0.871,0.274,23
1206,10049.450,0.866,0.276,27
1207,10057.821,0.874,0.295,19
1208,10066.044,0.910,0.293,23
1209,10074.218,0.824,0.272,27
1210,10082.619,0.841,0.270,19
1211,10090.851,0.758,0.288,23
1212,10099.195,0.755,0.278,27
1213,10107.481,0.759,0.262,19
1214,10116.008,0.824,0.287,23
1215,10124.226,0.815,0.268,27
1216,10132.619,0.894,0.276,19
1217,10140.827,0.786,0.288,23
1218,10149.228,0.782,0.275,27
1219,10157.687,0.826,0.285,19
1220,10165.873,0.763,0.291,23
1221,10174.135,0.765,0.283,27
1222,10182.540,0.789,0.273,19
1223,10190.828,0.753,0.280,23
1224,10199.201,0.796,0.278,27
1225,10207.453,0.713,0.269,19
1226,10215.834,0.736,0.279,23
1227,10224.241,0.832,0.280,27
1228,10232.451,0.716,0.268,19
1229,10240.839,0.787,0.284,23
1230,10249.143,0.754,0.289,27
1231,10257.591,0.778,0.276,19
1232,10265.808,0.733,0.290,23
1233,10274.169,0.765,0.290,27
1234,10282.478,0.733,0.272,19
1235,10290.803,0.723,0.294,23
1236,10299.163,0.755,0.285,27
1237,10307.434,0.695,0.271,19
1238,10315.813,0.730,0.280,23
1239,10324.141,0.768,0.279,27
1240,10332.696,0.944,0.291,19
1241,10340.853,0.775,0.267,23
1242,10349.170,0.768,0.264,27
1243,10357.644,0.900,0.304,19
1244,10365.782,0.686,0.259,23
1245,10374.159,0.759,0.272,27
1246,10382.592,0.784,0.283,19
1247,10391.052,0.787,0.263,23
1248,10399.262,0.765,0.275,27
1249,10407.641,0.809,0.271,19
1250,10415.925,0.759,0.281,23
1251,10424.285,0.784,0.274,27
1252,10432.588,0.778,0.296,19
1253,10441.099,0.913,0.293,23
1254,10449.237,0.767,0.278,27
1255,10457.599,0.763,0.284,19
1256,10465.794,0.703,0.270,23
1257,10474.215,0.772,0.283,27
1258,10482.585,0.786,0.295,19
1259,10490.864,0.729,0.289,23
1260,10499.159,0.752,0.288,27
1261,10507.528,0.733,0.279,19
1262,10515.843,0.724,0.283,23
1263,10524.235,0.803,0.277,27
1264,10532.528,0.778,0.286,19
1265,10540.867,0.766,0.291,23
1266,10549.329,0.761,0.284,27
1267,10557.626,0.776,0.285,19
1268,10565.871,0.738,0.292,23
1269,10574.282,0.803,0.279,27
1270,10582.736,0.865,0.288,19
1271,10591.008,0.827,0.280,23
1272,10599.293,0.796,0.275,27
1273,10607.682,0.837,0.284,19
1274,10616.119,0.955,0.280,23
1275,10624.453,0.936,0.282,27
1276,10632.841,0.966,0.293,19
1277,10640.974,0.802,0.287,23
1278,10649.185,0.782,0.273,27
1279,10657.586,0.711,0.272,19
1280,10665.804,0.696,0.285,23
1281,10674.117,0.721,0.274,27
1282,10682.610,0.767,0.278,19
1283,10690.893,0.780,0.291,23
1284,10699.210,0.728,0.268,27
1285,10707.565,0.752,0.269,19
1286,10716.022,0.845,0.273,23
1287,10724.237,0.730,0.271,27
1288,10732.595,0.758,0.268,19
1289,10740.838,0.710,0.283,23
1290,10749.205,0.761,0.273,27
1291,10757.628,0.740,0.281,19
1292,10765.835,0.715,0.284,23
1293,10774.218,0.766,0.275,27
1294,10782.654,0.794,0.277,19
1295,10790.880,0.716,0.265,23
1296,10799.212,0.765,0.271,27
1297,10807.717,0.765,0.263,19
1298,10815.941,0.769,0.272,23
1299,10824.177,0.733,0.277,27
1300,10832.648,0.848,0.270,19
1301,10841.278,1.146,0.431,23
1302,10849.362,0.885,0.269,27
1303,10857.756,0.929,0.280,19
1304,10866.031,0.932,0.281,23
1305,10874.313,0.868,0.259,27
1306,10882.785,0.922,0.278,19
1307,10890.942,0.825,0.275,23
1308,10899.258,0.746,0.282,27
1309,10907.691,0.796,0.278,19
1310,10915.883,0.725,0.277,23
1311,10924.282,0.785,0.278,27
1312,10932.676,0.799,0.281,19
1313,10941.229,0.867,0.266,23
1314,10949.362,0.876,0.277,27
1315,10957.819,0.901,0.294,19
1316,10966.171,0.985,0.282,23
1317,10974.341,0.841,0.286,27
1318,10982.771,0.913,0.271,19
1319,10991.135,0.938,0.284,23
1320,10999.493,0.927,0.281,27
1321,11007.714,0.862,0.276,19
1322,11015.997,0.833,0.292,23
1323,11024.486,0.979,0.297,27
1324,11032.756,0.838,0.302,19
1325,11041.140,0.943,0.286,23
1326,11049.314,0.817,0.276,27
1327,11057.769,0.864,0.283,19
1328,11066.000,0.838,0.292,23
1329,11074.313,0.823,0.275,27
1330,11082.714,0.872,0.274,19
1331,11090.952,0.789,0.282,23
1332,11099.309,0.809,0.275,27
1333,11107.771,0.877,0.290,19
1334,11116.240,0.980,0.307,23
1335,11124.365,0.841,0.268,27
1336,11132.733,0.857,0.276,19
1337,11141.009,0.855,0.279,23
1338,11149.378,0.873,0.279,27
1339,11157.810,0.898,0.276,19
1340,11165.996,0.859,0.285,23
1341,11174.261,0.740,0.275,27
1342,11182.891,0.905,0.311,19
1343,11191.183,0.943,0.285,23
1344,11199.419,0.885,0.282,27
1345,11207.637,0.746,0.270,19
1346,11215.986,0.757,0.285,23
1347,11224.538,0.943,0.286,27
1348,11232.807,0.913,0.305,19
1349,11241.312,0.972,0.290,23
1350,11249.510,0.906,0.289,27
1351,11257.922,0.904,0.296,19
1352,11266.135,0.929,0.281,23
1353,11274.378,0.888,0.269,27
1354,11282.740,0.842,0.266,19
1355,11291.063,0.883,0.274,23
1356,11299.297,0.806,0.262,27
1357,11307.757,0.884,0.280,19
1358,11316.027,0.824,0.278,23
1359,11324.304,0.798,0.273,27
1360,11332.688,0.840,0.262,19
1361,11341.115,0.947,0.298,23
1362,11349.433,0.757,0.272,27
1363,11357.695,0.729,0.276,19
1364,11366.017,0.772,0.273,23
1365,11374.235,0.702,0.278,27
1366,11382.678,0.759,0.271,19
1367,11391.063,0.739,0.280,23
1368,11399.556,0.904,0.286,27
1369,11407.736,0.781,0.290,19
1370,11415.989,0.743,0.278,23
1371,11424.359,0.841,0.282,27
1372,11432.774,0.871,0.290,19
1373,11441.056,0.787,0.291,23
1374,11449.641,0.953,0.285,27
1375,11457.830,0.826,0.287,19
1376,11465.957,0.729,0.293,23
1377,11474.418,0.849,0.275,27
1378,11482.693,0.746,0.274,19
1379,11490.994,0.757,0.276,23
1380,11499.233,0.686,0.273,27
1381,11507.812,0.889,0.269,19
1382,11516.109,0.869,0.275,23
1383,11524.436,0.906,0.309,27
1384,11532.769,0.772,0.282,19
1385,11541.076,0.809,0.271,23
1386,11549.386,0.749,0.272,27
1387,11557.714,0.731,0.275,19
1388,11566.029,0.753,0.272,23
1389,11574.322,0.746,0.277,27
1390,11582.702,0.768,0.270,19
1391,11590.997,0.748,0.272,23
1392,11599.282,0.718,0.269,27
1393,11607.680,0.783,0.276,19
1394,11615.992,0.737,0.269,23
1395,11624.333,0.767,0.283,27
1396,11632.729,0.818,0.272,19
1397,11641.004,0.778,0.272,23
1398,11649.393,0.734,0.271,27
1399,11657.743,0.743,0.279,19
1400,11666.042,0.750,0.269,23
1401,11674.317,0.731,0.272,27
1402,11682.731,0.777,0.314,19
1403,11691.056,0.797,0.274,23
1404,11699.342,0.728,0.268,27
1405,11707.693,0.766,0.274,19
1406,11716.224,0.952,0.271,23
1407,11724.542,0.923,0.285,27
1408,11732.819,0.857,0.301,19
1409,11741.152,0.857,0.281,23
1410,11749.524,0.821,0.270,27
1411,11757.720,0.733,0.278,19
1412,11766.078,0.784,0.289,23
1413,11774.423,0.819,0.283,27
1414,11782.748,0.820,0.282,19
1415,11791.390,1.013,0.291,23
1416,11799.324,0.723,0.272,27
1417,11807.709,0.802,0.273,19
1418,11816.017,0.806,0.274,23
1419,11824.448,0.867,0.279,27
1420,11832.775,0.838,0.285,19
1421,11841.128,0.853,0.279,23
1422,11849.581,0.882,0.277,27
1423,11857.761,0.795,0.277,19
1424,11865.991,0.753,0.278,23
1425,11874.301,0.710,0.277,27
1426,11882.729,0.751,0.294,19
1427,11890.966,0.738,0.299,23
1428,11899.321,0.735,0.285,27
1429,11907.703,0.766,0.288,19
1430,11915.913,0.706,0.279,23
1431,11924.403,0.806,0.287,27
1432,11932.681,0.771,0.284,19
1433,11941.064,0.773,0.283,23
1434,11949.321,0.708,0.282,27
1435,11957.759,0.759,0.286,19
1436,11965.934,0.724,0.279,23
1437,11974.288,0.724,0.284,27
1438,11982.684,0.759,0.287,19
1439,11990.997,0.755,0.287,23
1440,11999.285,0.753,0.279,27
1441,12007.821,0.893,0.291,19
1442,12015.998,0.737,0.279,23
1443,12024.464,0.862,0.282,27
1444,12032.676,0.755,0.273,19
1445,12041.054,0.799,0.278,23
1446,12049.303,0.728,0.273,27
1447,12057.796,0.742,0.289,19
1448,12066.084,0.765,0.276,23
1449,12074.485,0.854,0.280,27
1450,12082.726,0.771,0.283,19
1451,12091.130,0.855,0.282,23
1452,12099.367,0.769,0.287,27
1453,12107.758,0.817,0.304,19
1454,12116.084,0.857,0.296,23
1455,12124.324,0.742,0.291,27
1456,12132.767,0.811,0.305,19
1457,12141.107,0.845,0.286,23
1458,12149.394,0.811,0.272,27
1459,12157.840,0.843,0.278,19
1460,12166.138,0.862,0.295,23
1461,12174.468,0.786,0.282,27
1462,12182.844,0.822,0.253,19
1463,12190.991,0.762,0.305,23
1464,12199.359,0.780,0.289,27
1465,12207.822,0.872,0.295,19
1466,12216.212,0.914,0.296,23
1467,12224.519,0.880,0.277,27
1468,12232.804,0.782,0.292,19
1469,12241.221,0.889,0.293,23
1470,12249.664,0.858,0.278,27
1471,12257.950,0.844,0.275,19
1472,12266.117,0.819,0.283,23
1473,12274.565,0.832,0.283,27
1474,12282.836,0.829,0.321,19
1475,12291.201,0.899,0.281,23
1476,12299.500,0.833,0.288,27
1477,12307.764,0.765,0.289,19
1478,12316.229,0.936,0.302,23
1479,12324.496,0.858,0.282,27
1480,12332.823,0.852,0.291,19
1481,12341.110,0.868,0.285,23
1482,12349.349,0.757,0.288,27
1483,12357.880,0.847,0.280,19
1484,12365.958,0.745,0.295,23
1485,12374.558,0.964,0.293,27
1486,12382.962,0.853,0.279,19
1487,12391.223,0.864,0.279,23
1488,12399.359,0.735,0.271,27
1489,12407.724,0.738,0.279,19
1490,12416.144,0.829,0.301,23
1491,12424.452,0.816,0.289,27
1492,12432.923,0.905,0.315,19
1493,12441.235,0.936,0.326,23
1494,12449.540,0.823,0.291,27
1495,12458.107,0.947,0.294,19
1496,12466.242,0.928,0.293,23
1497,12474.704,1.043,0.298,27
1498,12482.790,0.793,0.320,19
1499,12491.161,0.911,0.301,23
1500,12499.539,0.929,0.295,27
1501,12507.852,0.903,0.306,19
1502,12516.183,0.929,0.294,23
1503,12524.437,0.826,0.275,27
1504,12532.849,0.899,0.314,19
1505,12541.097,0.879,0.313,23
1506,12549.360,0.760,0.305,27
1507,12557.907,0.886,0.299,19
1508,12566.192,0.927,0.292,23
1509,12574.342,0.733,0.272,27
1510,12582.752,0.790,0.293,19
1511,12591.026,0.771,0.282,23
1512,12599.400,0.773,0.296,27
1513,12607.870,0.887,0.276,19
1514,12616.156,0.881,0.271,23
1515,12624.589,0.927,0.274,27
1516,12632.747,0.756,0.286,19
1517,12641.186,0.905,0.285,23
1518,12649.425,0.746,0.273,27
1519,12657.712,0.710,0.287,19
1520,12666.031,0.767,0.276,23
1521,12674.434,0.796,0.287,27
1522,12682.774,0.746,0.289,19
1523,12691.098,0.812,0.301,23
1524,12699.374,0.735,0.285,27
1525,12707.870,0.900,0.343,19
1526,12716.078,0.768,0.287,23
1527,12724.498,0.823,0.277,27
1528,12732.880,0.880,0.295,19
1529,12741.218,0.913,0.277,23
1530,12749.471,0.796,0.276,27
1531,12757.766,0.728,0.295,19
1532,12766.061,0.745,0.280,23
1533,12774.420,0.783,0.288,27
1534,12782.787,0.818,0.280,19
1535,12791.129,0.737,0.275,23
1536,12799.393,0.704,0.274,27
1537,12807.735,0.714,0.272,19
1538,12816.067,0.747,0.285,23
1539,12824.396,0.721,0.293,27
1540,12832.850,0.891,0.300,19
1541,12841.234,0.909,0.291,23
1542,12849.719,0.918,0.290,27
1543,12858.080,0.925,0.284,19
1544,12866.276,0.912,0.277,23
1545,12874.660,0.940,0.291,27
1546,12882.972,0.887,0.294,19
1547,12891.196,0.792,0.276,23
1548,12899.430,0.732,0.288,27
1549,12907.711,0.723,0.293,19
1550,12916.102,0.739,0.278,23
1551,12924.432,0.741,0.278,27
1552,12932.748,0.702,0.282,19
1553,12941.102,0.750,0.269,23
1554,12949.564,0.740,0.271,27
1555,12957.821,0.683,0.267,19
1556,12966.054,0.722,0.276,23
1557,12974.382,0.682,0.269,27
1558,12982.748,0.694,0.269,19
1559,12991.121,0.718,0.271,23
1560,12999.528,0.843,0.269,27
1561,13007.719,0.686,0.265,19
1562,13016.100,0.730,0.276,23
1563,13024.448,0.748,0.277,27
1564,13032.825,0.738,0.294,19
1565,13041.122,0.743,0.280,23
1566,13049.498,0.709,0.272,27
1567,13057.824,0.686,0.264,19
1568,13066.409,0.978,0.308,23
1569,13074.426,0.713,0.271,27
1570,13082.829,0.773,0.272,19
1571,13091.188,0.824,0.269,23
1572,13099.573,0.895,0.269,27
1573,13107.784,0.716,0.263,19
1574,13116.095,0.728,0.268,23
1575,13124.439,0.693,0.249,27
1576,13132.778,0.722,0.270,19
1577,13141.196,0.754,0.266,23
1578,13149.558,0.717,0.256,27
1579,13157.836,0.696,0.271,19
1580,13166.118,0.767,0.274,23
1581,13174.515,0.798,0.272,27
1582,13182.992,0.823,0.279,19
1583,13191.298,0.809,0.275,23
1584,13199.572,0.816,0.272,27
1585,13207.900,0.786,0.279,19
1586,13216.285,0.860,0.282,23
1587,13224.636,0.842,0.273,27
1588,13232.856,0.728,0.271,19
1589,13241.435,0.939,0.276,23
1590,13249.757,0.985,0.301,27
1591,13258.021,0.877,0.279,19
1592,13266.298,0.893,0.273,23
1593,13274.527,0.786,0.283,27
1594,13282.861,0.743,0.282,19
1595,13291.240,0.756,0.278,23
1596,13299.604,0.854,0.288,27
1597,13307.898,0.781,0.285,19
1598,13316.159,0.740,0.276,23
1599,13324.547,0.818,0.280,27
1600,13332.853,0.745,0.289,19
1601,13341.279,0.781,0.279,23
1602,13349.441,0.748,0.283,27
1603,13357.870,0.751,0.290,19
1604,13366.086,0.768,0.284,23
1605,13374.614,0.909,0.286,27
1606,13383.246,1.009,0.294,19
1607,13391.384,0.777,0.279,23
1608,13399.693,0.919,0.299,27
1609,13407.950,0.836,0.278,19
1610,13416.247,0.856,0.285,23
1611,13424.614,0.906,0.282,27
1612,13433.129,0.935,0.280,19
1613,13441.367,0.945,0.303,23
1614,13449.862,0.950,0.310,27
1615,13458.083,0.931,0.283,19
1616,13466.278,0.868,0.280,23
1617,13474.629,0.888,0.279,27
1618,13483.113,0.959,0.285,19
1619,13491.339,0.896,0.289,23
1620,13499.738,0.938,0.279,27
1621,13507.952,0.847,0.284,19
1622,13516.291,0.889,0.285,23
1623,13524.693,0.966,0.287,27
1624,13532.991,0.880,0.287,19
1625,13541.328,0.749,0.282,23
1626,13549.626,0.747,0.269,27
1627,13557.982,0.773,0.297,19
1628,13566.121,0.705,0.264,23
1629,13574.519,0.771,0.266,27
1630,13582.879,0.778,0.273,19
1631,13591.162,0.725,0.265,23
1632,13599.529,0.756,0.258,27
1633,13607.931,0.824,0.283,19
1634,13616.254,0.834,0.273,23
1635,13624.588,0.822,0.269,27
1636,13632.824,0.718,0.272,19
1637,13641.219,0.776,0.272,23
1638,13649.637,0.782,0.278,27
1639,13657.937,0.751,0.270,19
1640,13666.175,0.778,0.278,23
1641,13674.622,0.823,0.271,27
1642,13682.877,0.756,0.284,19
1643,13691.248,0.758,0.279,23
1644,13699.555,0.778,0.271,27
1645,13707.920,0.726,0.271,19
1646,13716.238,0.737,0.265,23
1647,13724.637,0.793,0.267,27
1648,13732.914,0.734,0.276,19
1649,13741.336,0.741,0.262,23
1650,13749.690,0.792,0.264,27
1651,13757.979,0.771,0.260,19
1652,13766.229,0.764,0.271,23
1653,13774.525,0.722,0.262,27
1654,13782.906,0.757,0.281,19
1655,13791.297,0.761,0.271,23
1656,13799.620,0.771,0.268,27
1657,13807.888,0.719,0.272,19
1658,13816.263,0.756,0.264,23
1659,13824.688,0.848,0.268,27
1660,13832.947,0.783,0.298,19
1661,13841.475,0.951,0.274,23
1662,13849.707,0.881,0.272,27
1663,13858.028,0.790,0.268,19
1664,13866.210,0.713,0.283,23
1665,13874.613,0.774,0.287,27
1666,13882.817,0.737,0.280,19
1667,13891.195,0.716,0.267,23
1668,13899.578,0.779,0.278,27
1669,13907.887,0.801,0.278,19
1670,13916.182,0.789,0.270,23
1671,13924.439,0.710,0.263,27
1672,13932.774,0.707,0.253,19
1673,13941.162,0.765,0.267,23
1674,13949.476,0.737,0.269,27
1675,13957.871,0.731,0.276,19
1676,13966.180,0.791,0.276,23
1677,13974.431,0.702,0.269,27
1678,13982.829,0.758,0.284,19
1679,13991.121,0.712,0.266,23
1680,13999.472,0.735,0.267,27
1681,14007.817,0.738,0.275,19
1682,14016.176,0.743,0.268,23
1683,14024.581,0.789,0.266,27
1684,14032.833,0.722,0.281,19
1685,14041.253,0.766,0.267,23
1686,14049.506,0.755,0.263,27
1687,14057.880,0.745,0.281,19
1688,14066.154,0.736,0.262,23
1689,14074.559,0.789,0.275,27
1690,14082.875,0.736,0.286,19
1691,14091.230,0.716,0.267,23
1692,14099.624,0.802,0.277,27
1693,14107.829,0.714,0.292,19
1694,14116.308,0.756,0.272,23
1695,14124.743,0.957,0.298,27
1696,14132.928,0.763,0.278,19
1697,14141.256,0.721,0.278,23
1698,14149.493,0.751,0.268,27
1699,14157.908,0.741,0.275,19
1700,14166.132,0.745,0.269,23
1701,14174.489,0.756,0.264,27
1702,14182.849,0.743,0.276,19
1703,14191.210,0.726,0.274,23
1704,14199.506,0.743,0.258,27
1705,14207.830,0.733,0.263,19
1706,14216.176,0.745,0.269,23
1707,14224.547,0.804,0.259,27
1708,14232.895,0.741,0.282,19
1709,14241.272,0.761,0.263,23
1710,14249.591,0.756,0.261,27
1711,14257.917,0.757,0.276,19
1712,14266.241,0.754,0.279,23
1713,14274.606,0.766,0.270,27
1714,14282.896,0.790,0.293,19
1715,14291.316,0.805,0.286,23
1716,14299.656,0.820,0.291,27
1717,14307.871,0.749,0.282,19
1718,14316.232,0.754,0.286,23
1719,14324.628,0.811,0.263,27
1720,14332.824,0.722,0.285,19
1721,14341.163,0.733,0.267,23
1722,14349.543,0.752,0.278,27
1723,14357.931,0.746,0.274,19
1724,14366.261,0.796,0.277,23
1725,14374.536,0.735,0.279,27
1726,14383.185,0.897,0.264,19
1727,14391.314,0.769,0.274,23
1728,14399.601,0.750,0.263,27
1729,14408.003,0.810,0.278,19
1730,14416.181,0.734,0.268,23
1731,14424.560,0.759,0.263,27
1732,14432.865,0.711,0.280,19
1733,14441.408,0.894,0.287,23
1734,14449.679,0.883,0.283,27
1735,14458.012,0.849,0.272,19
1736,14466.367,0.858,0.264,23
1737,14474.693,0.878,0.273,27
1738,14482.981,0.839,0.274,19
1739,14491.359,0.858,0.267,23
1740,14499.692,0.859,0.272,27
1741,14508.086,0.889,0.274,19
1742,14516.371,0.918,0.284,23
1743,14524.701,0.881,0.282,27
1744,14533.141,0.814,0.268,19
1745,14541.259,0.727,0.270,23
1746,14549.667,0.742,0.267,27
1747,14557.918,0.699,0.277,19
1748,14566.200,0.701,0.272,23
1749,14574.602,0.752,0.279,27
1750,14582.905,0.692,0.268,19
1751,14591.217,0.717,0.274,23
1752,14599.613,0.745,0.279,27
1753,14607.887,0.709,0.284,19
1754,14616.207,0.715,0.272,23
1755,14624.639,0.779,0.280,27
1756,14632.964,0.808,0.282,19
1757,14641.327,0.760,0.279,23
1758,14649.715,0.763,0.268,27
1759,14657.906,0.705,0.268,19
1760,14666.230,0.720,0.271,23
1761,14674.648,0.766,0.275,27
1762,14682.982,0.746,0.289,19
1763,14691.279,0.718,0.268,23
1764,14699.628,0.748,0.276,27
1765,14707.897,0.700,0.273,19
1766,14716.229,0.720,0.276,23
1767,14724.636,0.755,0.266,27
1768,14733.056,0.838,0.283,19
1769,14741.394,0.854,0.272,23
1770,14749.818,0.873,0.285,27
1771,14758.149,0.896,0.279,19
1772,14766.392,0.878,0.277,23
1773,14774.756,0.879,0.273,27
1774,14783.110,0.873,0.275,19
1775,14791.262,0.703,0.271,23
1776,14799.651,0.779,0.287,27
1777,14808.014,0.847,0.274,19
1778,14816.241,0.733,0.277,23
1779,14824.640,0.779,0.276,27
1780,14833.117,0.891,0.294,19
1781,14841.374,0.854,0.275,23
1782,14849.687,0.738,0.268,27
1783,14858.084,0.809,0.263,19
1784,14866.241,0.684,0.265,23
1785,14874.617,0.709,0.266,27
1786,14882.938,0.702,0.266,19
1787,14891.277,0.720,0.274,23
1788,14899.660,0.777,0.279,27
1789,14907.915,0.707,0.275,19
1790,14916.224,0.717,0.270,23
1791,14924.644,0.756,0.288,27
1792,14933.016,0.733,0.285,19
1793,14941.655,0.920,0.292,23
1794,14949.788,0.866,0.290,27
1795,14958.156,0.866,0.289,19
1796,14966.325,0.842,0.301,23
1797,14974.709,0.884,0.305,27
1798,14982.974,0.832,0.286,19
1799,14991.303,0.822,0.275,23
1800,14999.695,0.861,0.276,27
1801,15008.003,0.845,0.277,19
1802,15016.394,0.897,0.289,23
1803,15024.785,0.950,0.299,27
1804,15033.034,0.882,0.305,19
1805,15041.253,0.731,0.261,23
1806,15049.603,0.748,0.268,27
1807,15058.031,0.808,0.274,19
1808,15066.202,0.723,0.280,23
1809,15074.628,0.768,0.278,27
1810,15082.905,0.731,0.282,19
1811,15091.507,0.859,0.272,23
1812,15099.609,0.753,0.284,27
1813,15107.896,0.749,0.288,19
1814,15116.386,0.807,0.284,23
1815,15124.903,0.948,0.303,27
1816,15133.143,0.921,0.299,19
1817,15141.431,0.905,0.284,23
1818,15149.666,0.794,0.278,27
1819,15158.056,0.781,0.276,19
1820,15166.247,0.756,0.281,23
1821,15174.735,0.846,0.281,27
1822,15182.981,0.767,0.288,19
1823,15191.340,0.732,0.276,23
1824,15199.662,0.774,0.286,27
1825,15208.055,0.819,0.276,19
1826,15216.351,0.765,0.285,23
1827,15224.749,0.805,0.281,27
1828,15233.046,0.794,0.280,19
1829,15241.432,0.822,0.281,23
1830,15249.733,0.775,0.285,27
1831,15258.020,0.741,0.271,19
1832,15266.237,0.722,0.277,23
1833,15274.656,0.791,0.288,27
1834,15282.911,0.705,0.272,19
1835,15291.339,0.735,0.278,23
1836,15299.712,0.802,0.279,27
1837,15307.948,0.732,0.276,19
1838,15316.323,0.749,0.276,23
1839,15324.926,1.011,0.305,27
1840,15332.986,0.784,0.290,19
1841,15341.329,0.812,0.279,23
1842,15349.679,0.752,0.278,27
1843,15358.042,0.763,0.276,19
1844,15366.338,0.752,0.279,23
1845,15374.699,0.771,0.281,27
1846,15383.287,0.976,0.291,19
1847,15391.434,0.768,0.279,23
1848,15399.687,0.778,0.278,27
1849,15407.991,0.765,0.277,19
1850,15416.366,0.731,0.280,23
1851,15424.731,0.785,0.285,27
1852,15433.066,0.756,0.275,19
1853,15441.447,0.752,0.281,23
1854,15449.834,0.752,0.289,27
1855,15458.149,0.810,0.284,19
1856,15466.413,0.754,0.281,23
1857,15474.750,0.757,0.286,27
1858,15483.073,0.754,0.278,19
1859,15491.377,0.712,0.275,23
1860,15499.726,0.748,0.288,27
1861,15508.041,0.759,0.278,19
1862,15516.380,0.723,0.277,23
1863,15524.759,0.766,0.287,27
1864,15533.065,0.786,0.290,19
1865,15541.438,0.745,0.280,23
1866,15549.790,0.760,0.305,27
1867,15558.185,0.790,0.289,19
1868,15566.418,0.734,0.282,23
1869,15574.727,0.723,0.276,27
1870,15583.076,0.785,0.279,19
1871,15591.452,0.754,0.283,23
1872,15599.981,0.817,0.286,27
1873,15608.160,0.806,0.286,19
1874,15616.412,0.749,0.287,23
1875,15624.770,0.818,0.291,27
1876,15633.044,0.832,0.271,19
1877,15641.510,0.924,0.280,23
1878,15649.878,0.860,0.272,27
1879,15658.300,0.930,0.281,19
1880,15666.574,0.909,0.280,23
1881,15674.863,0.851,0.269,27
1882,15683.321,0.938,0.283,19
1883,15691.720,0.936,0.287,23
1884,15699.875,0.863,0.277,27
1885,15708.268,0.930,0.302,19
1886,15716.561,0.875,0.288,23
1887,15724.880,0.882,0.287,27
1888,15733.179,0.881,0.285,19
1889,15741.692,0.965,0.302,23
1890,15749.942,0.845,0.290,27
1891,15758.275,0.921,0.283,19
1892,15766.601,0.922,0.284,23
1893,15774.871,0.870,0.270,27
1894,15783.385,1.073,0.288,19
1895,15791.639,0.935,0.283,23
1896,15799.864,0.851,0.284,27
1897,15808.229,0.930,0.281,19
1898,15816.620,0.938,0.285,23
1899,15824.880,0.847,0.280,27
1900,15833.089,0.823,0.299,19
1901,15841.577,0.802,0.295,23
1902,15849.748,0.688,0.284,27
1903,15858.235,0.865,0.284,19
1904,15866.435,0.762,0.274,23
1905,15874.780,0.787,0.285,27
1906,15883.070,0.753,0.273,19
1907,15891.522,0.813,0.280,23
1908,15899.810,0.793,0.283,27
1909,15908.190,0.844,0.280,19
1910,15916.445,0.741,0.275,23
1911,15924.821,0.812,0.279,27
1912,15933.115,0.818,0.276,19
1913,15941.543,0.827,0.298,23
1914,15949.853,0.785,0.287,27
1915,15958.180,0.784,0.274,19
1916,15966.390,0.713,0.273,23
1917,15974.728,0.743,0.289,27
1918,15983.053,0.742,0.293,19
1919,15991.492,0.772,0.275,23
1920,15999.749,0.726,0.276,27
1921,16008.111,0.776,0.275,19
1922,16016.475,0.780,0.280,23
1923,16024.765,0.745,0.285,27
1924,16033.084,0.768,0.286,19
1925,16041.420,0.738,0.281,23
1926,16049.777,0.723,0.284,27
1927,16058.111,0.756,0.283,19
1928,16066.426,0.745,0.303,23
1929,16074.742,0.724,0.279,27
1930,16083.064,0.762,0.280,19
1931,16091.428,0.722,0.279,23
1932,16099.737,0.717,0.282,27
1933,16108.123,0.756,0.274,19
1934,16116.444,0.734,0.278,23
1935,16124.753,0.721,0.278,27
1936,16133.060,0.743,0.288,19
1937,16141.451,0.757,0.278,23
1938,16149.904,0.763,0.280,27
1939,16158.179,0.775,0.320,19
1940,16166.417,0.750,0.303,23
1941,16174.743,0.733,0.306,27
1942,16183.164,0.756,0.276,19
1943,16191.503,0.753,0.276,23
1944,16199.752,0.676,0.265,27
1945,16208.160,0.780,0.279,19
1946,16216.448,0.725,0.277,23
1947,16224.793,0.710,0.287,27
1948,16233.162,0.734,0.279,19
1949,16241.565,0.803,0.285,23
1950,16249.834,0.738,0.283,27
1951,16258.166,0.778,0.276,19
1952,16266.654,0.962,0.307,23
1953,16274.914,0.885,0.309,27
1954,16283.117,0.821,0.313,19
1955,16291.587,0.927,0.303,23
1956,16299.890,0.894,0.307,27
1957,16308.210,0.947,0.305,19
1958,16316.403,0.776,0.305,23
1959,16324.903,0.916,0.322,27
1960,16333.166,0.910,0.305,19
1961,16341.558,0.917,0.300,23
1962,16349.916,0.881,0.316,27
1963,16358.090,0.785,0.304,19
1964,16366.571,0.937,0.307,23
1965,16374.895,0.911,0.318,27
1966,16383.236,0.939,0.305,19
1967,16391.403,0.747,0.295,23
1968,16399.752,0.717,0.280,27
1969,16408.260,0.932,0.278,19
1970,16416.595,0.918,0.276,23
1971,16424.963,0.916,0.268,27
1972,16433.203,0.918,0.284,19
1973,16441.533,0.861,0.284,23
1974,16449.844,0.777,0.276,27
1975,16458.187,0.848,0.288,19
1976,16466.529,0.890,0.273,23
1977,16474.728,0.756,0.289,27
1978,16483.181,0.880,0.300,19
1979,16491.537,0.845,0.277,23
1980,16499.837,0.823,0.279,27
1981,16508.152,0.877,0.274,19
1982,16516.525,0.878,0.283,23
1983,16524.870,0.861,0.294,27
1984,16533.211,0.894,0.285,19
1985,16541.563,0.892,0.276,23
1986,16549.841,0.828,0.282,27
1987,16558.231,0.862,0.286,19
1988,16566.541,0.880,0.283,23
1989,16574.857,0.877,0.290,27
1990,16583.181,0.882,0.282,19
1991,16591.609,0.871,0.282,23
1992,16599.859,0.842,0.272,27
1993,16608.167,0.877,0.281,19
1994,16616.594,0.912,0.296,23
1995,16624.923,0.881,0.291,27
1996,16633.268,0.895,0.275,19
1997,16641.528,0.780,0.285,23
1998,16649.978,0.795,0.280,27
1999,16658.424,0.790,0.282,19
2000,16666.555,0.788,0.279,23
2001,16674.877,0.761,0.291,27
2002,16683.355,0.819,0.292,19
2003,16691.704,0.822,0.291,23
2004,16699.876,0.755,0.284,27
2005,16708.149,0.763,0.285,19
2006,16716.578,0.803,0.279,23
2007,16724.884,0.794,0.288,27
2008,16733.278,0.834,0.300,19
2009,16741.631,0.837,0.284,23
2010,16749.856,0.777,0.306,27
2011,16758.179,0.783,0.276,19
2012,16766.601,0.830,0.281,23
2013,16774.968,0.860,0.287,27
2014,16783.317,0.908,0.293,19
2015,16791.644,0.892,0.282,23
2016,16799.922,0.879,0.292,27
2017,16808.240,0.897,0.282,19
2018,16816.611,0.867,0.284,23
2019,16824.889,0.812,0.283,27
2020,16833.314,0.914,0.285,19
2021,16841.665,0.932,0.290,23
2022,16849.927,0.837,0.281,27
2023,16858.297,0.891,0.274,19
2024,16866.419,0.729,0.270,23
2025,16874.802,0.721,0.276,27
2026,16883.175,0.790,0.282,19
2027,16891.512,0.763,0.270,23
2028,16899.778,0.730,0.264,27
2029,16908.261,0.875,0.275,19
2030,16916.619,0.875,0.275,23
2031,16924.776,0.742,0.255,27
2032,16933.266,0.946,0.283,19
2033,16941.592,0.836,0.282,23
2034,16949.996,0.873,0.280,27
2035,16958.379,0.929,0.281,19
2036,16966.557,0.787,0.299,23
2037,16974.917,0.840,0.279,27
2038,16983.138,0.755,0.274,19
2039,16991.775,0.973,0.282,23
2040,16999.973,0.879,0.280,27
2041,17008.258,0.898,0.277,19
2042,17016.668,0.866,0.278,23
2043,17024.902,0.849,0.304,27
2044,17033.166,0.820,0.303,19
2045,17041.595,0.864,0.283,23
2046,17049.904,0.754,0.270,27
2047,17058.222,0.776,0.268,19
2048,17066.431,0.750,0.268,23
2049,17074.793,0.754,0.287,27
2050,17083.109,0.776,0.268,19
2051,17091.524,0.772,0.264,23
2052,17099.822,0.714,0.268,27
2053,17108.273,0.879,0.274,19
2054,17116.381,0.680,0.265,23
2055,17124.759,0.711,0.276,27
2056,17133.097,0.730,0.273,19
2057,17141.613,0.930,0.269,23
2058,17149.958,0.843,0.279,27
2059,17158.192,0.762,0.272,19
2060,17166.504,0.757,0.270,23
2061,17174.836,0.727,0.273,27
2062,17183.160,0.767,0.272,19
2063,17191.686,0.883,0.274,23
2064,17199.837,0.808,0.280,27
2065,17208.217,0.860,0.278,19
2066,17216.575,0.849,0.276,23
2067,17224.948,0.871,0.288,27
2068,17233.215,0.847,0.291,19
2069,17241.729,0.889,0.302,23
2070,17250.176,1.004,0.305,27
2071,17258.255,0.830,0.288,19
2072,17266.572,0.862,0.302,23
2073,17274.967,0.912,0.308,27
2074,17283.305,0.913,0.290,19
2075,17291.758,0.954,0.283,23
2076,17299.984,0.893,0.282,27
2077,17308.425,0.915,0.282,19
2078,17316.760,0.920,0.297,23
2079,17325.040,0.879,0.290,27
2080,17333.334,0.864,0.296,19
2081,17341.770,0.837,0.298,23
2082,17350.060,0.847,0.295,27
2083,17358.470,0.965,0.309,19
2084,17366.611,0.820,0.312,23
2085,17374.958,0.844,0.314,27
2086,17383.370,0.923,0.293,19
2087,17391.608,0.788,0.309,23
2088,17399.878,0.767,0.307,27
2089,17408.357,0.926,0.296,19
2090,17416.797,0.913,0.287,23
2091,17425.017,0.859,0.290,27
2092,17433.198,0.775,0.281,19
2093,17441.686,0.799,0.289,23
2094,17449.911,0.712,0.278,27
2095,17458.294,0.779,0.291,19
2096,17466.613,0.784,0.293,23
2097,17474.904,0.805,0.313,27
2098,17483.217,0.754,0.291,19
2099,17491.632,0.799,0.310,23
2100,17499.849,0.725,0.305,27
2101,17508.224,0.796,0.309,19
2102,17516.591,0.782,0.311,23
2103,17524.982,0.870,0.319,27
2104,17533.194,0.776,0.304,19
2105,17541.663,0.849,0.299,23
2106,17550.041,0.788,0.295,27
2107,17558.275,0.761,0.287,19
2108,17566.616,0.847,0.298,23
2109,17574.950,0.787,0.321,27
2110,17583.206,0.760,0.298,19
2111,17591.631,0.785,0.311,23
2112,17599.902,0.770,0.307,27
2113,17608.194,0.755,0.300,19
2114,17616.612,0.820,0.309,23
2115,17625.041,0.890,0.313,27
2116,17633.337,0.890,0.291,19
2117,17641.658,0.838,0.306,23
2118,17649.963,0.772,0.291,27
2119,17658.258,0.723,0.285,19
2120,17666.609,0.787,0.307,23
2121,17674.926,0.756,0.301,27
2122,17683.243,0.757,0.294,19
2123,17691.722,0.866,0.300,23
2124,17699.873,0.744,0.301,27
2125,17708.252,0.832,0.299,19
2126,17716.597,0.801,0.306,23
2127,17724.901,0.788,0.298,27
2128,17733.249,0.799,0.285,19
2129,17741.597,0.744,0.301,23
2130,17749.996,0.743,0.283,27
2131,17758.295,0.727,0.287,19
2132,17766.510,0.694,0.293,23
2133,17774.857,0.737,0.296,27
2134,17783.252,0.781,0.308,19
2135,17791.624,0.791,0.299,23
2136,17799.859,0.733,0.301,27
2137,17808.218,0.734,0.297,19
2138,17816.634,0.792,0.300,23
2139,17824.840,0.729,0.289,27
2140,17833.266,0.797,0.299,19
2141,17841.630,0.824,0.292,23
2142,17849.992,0.768,0.284,27
2143,17858.261,0.747,0.284,19
2144,17866.629,0.780,0.285,23
2145,17874.908,0.782,0.303,27
2146,17883.202,0.761,0.285,19
2147,17891.668,0.823,0.291,23
2148,17899.873,0.750,0.293,27
2149,17908.269,0.779,0.286,19
2150,17916.630,0.793,0.302,23
2151,17924.936,0.782,0.300,27
2152,17933.306,0.820,0.289,19
2153,17941.817,0.934,0.289,23
2154,17949.987,0.773,0.304,27
2155,17958.309,0.715,0.289,19
2156,17966.632,0.757,0.292,23
2157,17974.834,0.704,0.300,27
2158,17983.260,0.811,0.317,19
2159,17991.673,0.776,0.297,23
2160,17999.942,0.771,0.306,27
2161,18008.219,0.767,0.297,19
2162,18016.628,0.771,0.306,23
2163,18024.902,0.744,0.298,27
2164,18033.359,0.768,0.292,19
2165,18041.620,0.736,0.293,23
2166,18050.086,0.754,0.284,27
2167,18058.495,0.930,0.293,19
2168,18066.798,0.905,0.284,23
2169,18075.121,0.920,0.299,27
2170,18083.418,0.887,0.298,19
2171,18091.857,0.918,0.282,23
2172,18100.071,0.867,0.270,27
2173,18108.381,0.889,0.269,19
2174,18116.750,0.901,0.269,23
2175,18125.003,0.850,0.275,27
2176,18133.380,0.859,0.297,19
2177,18141.686,0.838,0.284,23
2178,18150.022,0.778,0.285,27
2179,18158.388,0.863,0.277,19
2180,18166.740,0.894,0.279,23
2181,18175.042,0.879,0.289,27
2182,18183.316,0.877,0.274,19
2183,18191.775,0.900,0.285,23
2184,18199.952,0.829,0.285,27
2185,18208.438,0.922,0.283,19
2186,18216.767,0.884,0.285,23
2187,18225.123,0.918,0.287,27
2188,18233.360,0.860,0.284,19
2189,18241.791,0.900,0.288,23
2190,18250.237,0.920,0.291,27
2191,18258.518,0.899,0.289,19
2192,18266.765,0.873,0.286,23
2193,18274.970,0.752,0.270,27
2194,18283.266,0.720,0.263,19
2195,18291.719,0.782,0.285,23
2196,18299.968,0.732,0.284,27
2197,18308.284,0.701,0.265,19
2198,18316.676,0.768,0.269,23
2199,18325.024,0.792,0.271,27
2200,18333.368,0.885,0.313,19
2201,18341.669,0.771,0.270,23
2202,18349.977,0.745,0.272,27
2203,18358.520,0.914,0.278,19
2204,18366.793,0.891,0.276,23
2205,18375.068,0.895,0.309,27
2206,18383.200,0.722,0.273,19
2207,18391.685,0.783,0.270,23
2208,18399.968,0.775,0.279,27
2209,18408.378,0.897,0.295,19
2210,18416.628,0.762,0.269,23
2211,18424.956,0.766,0.273,27
2212,18433.300,0.796,0.285,19
2213,18441.659,0.777,0.288,23
2214,18450.033,0.772,0.274,27
2215,18458.294,0.752,0.270,19
2216,18466.636,0.767,0.269,23
2217,18474.891,0.746,0.286,27
2218,18483.207,0.739,0.277,19
2219,18491.646,0.769,0.268,23
2220,18499.890,0.732,0.277,27
2221,18508.250,0.728,0.271,19
2222,18516.654,0.770,0.269,23
2223,18524.913,0.758,0.280,27
2224,18533.268,0.750,0.283,19
2225,18541.626,0.771,0.275,23
2226,18549.884,0.712,0.275,27
2227,18558.339,0.772,0.273,19
2228,18566.647,0.812,0.286,23
2229,18574.938,0.761,0.297,27
2230,18583.248,0.734,0.271,19
2231,18591.788,0.805,0.283,23
2232,18599.910,0.729,0.290,27
2233,18608.255,0.741,0.272,19
2234,18616.621,0.754,0.273,23
2235,18625.092,0.872,0.273,27
2236,18633.342,0.769,0.282,19
2237,18641.783,0.783,0.265,23
2238,18649.991,0.787,0.294,27
2239,18658.610,0.925,0.269,19
2240,18666.795,0.874,0.287,23
2241,18675.080,0.900,0.287,27
2242,18683.439,0.861,0.273,19
2243,18691.854,0.899,0.290,23
2244,18700.107,0.885,0.270,27
2245,18708.370,0.851,0.267,19
2246,18716.774,0.874,0.269,23
2247,18725.091,0.891,0.271,27
2248,18733.389,0.868,0.269,19
2249,18741.824,0.841,0.279,23
2250,18750.052,0.774,0.276,27
2251,18758.516,0.928,0.286,19
2252,18766.798,0.903,0.297,23
2253,18774.951,0.754,0.276,27
2254,18783.402,0.880,0.281,19
2255,18791.716,0.761,0.275,23
2256,18799.935,0.711,0.280,27
2257,18808.277,0.751,0.280,19
2258,18816.665,0.788,0.283,23
2259,18825.020,0.771,0.275,27
2260,18833.280,0.696,0.268,19
2261,18841.939,0.928,0.294,23
2262,18850.188,0.881,0.278,27
2263,18858.566,0.935,0.286,19
2264,18866.823,0.897,0.288,23
2265,18875.017,0.788,0.290,27
2266,18883.363,0.762,0.280,19
2267,18891.704,0.754,0.291,23
2268,18899.966,0.785,0.284,27
2269,18908.290,0.765,0.273,19
2270,18916.598,0.705,0.262,23
2271,18924.975,0.777,0.279,27
2272,18933.294,0.778,0.276,19
2273,18941.710,0.786,0.280,23
2274,18950.056,0.784,0.273,27
2275,18958.542,0.821,0.279,19
2276,18966.742,0.771,0.284,23
2277,18975.089,0.821,0.275,27
2278,18983.436,0.776,0.273,19
2279,18991.785,0.782,0.277,23
2280,19000.206,0.900,0.275,27
2281,19008.613,0.952,0.279,19
2282,19016.807,0.789,0.270,23
2283,19025.182,0.919,0.279,27
2284,19033.560,0.902,0.279,19
2285,19041.851,0.855,0.291,23
2286,19050.093,0.876,0.274,27
2287,19058.492,0.893,0.275,19
2288,19066.765,0.853,0.274,23
2289,19074.926,0.731,0.277,27
2290,19083.251,0.700,0.269,19
2291,19091.672,0.726,0.268,23
2292,19099.973,0.748,0.288,27
2293,19108.285,0.727,0.274,19
2294,19116.643,0.713,0.269,23
2295,19124.893,0.696,0.274,27
2296,19133.316,0.725,0.277,19
2297,19141.713,0.782,0.270,23
2298,19149.991,0.754,0.291,27
2299,19158.291,0.687,0.269,19
2300,19166.693,0.781,0.268,23
2301,19174.905,0.703,0.275,27
2302,19183.315,0.723,0.269,19
2303,19191.767,0.757,0.286,23
2304,19199.897,0.670,0.265,27
2305,19208.263,0.674,0.261,19
2306,19216.666,0.726,0.266,23
2307,19224.978,0.742,0.266,27
2308,19233.364,0.740,0.277,19
2309,19241.747,0.805,0.282,23
2310,19250.099,0.727,0.260,27
2311,19258.364,0.701,0.259,19
2312,19266.687,0.738,0.261,23
2313,19275.020,0.790,0.270,27
2314,19283.329,0.724,0.259,19
2315,19291.658,0.714,0.262,23
2316,19299.925,0.714,0.272,27
2317,19308.247,0.663,0.264,19
2318,19316.659,0.710,0.260,23
2319,19324.996,0.739,0.267,27
2320,19333.297,0.701,0.278,19
2321,19341.760,0.788,0.288,23
2322,19349.980,0.742,0.265,27
2323,19358.379,0.683,0.261,19
2324,19366.696,0.762,0.264,23
2325,19374.952,0.728,0.277,27
2326,19383.583,0.928,0.287,19
2327,19391.847,0.858,0.275,23
2328,19400.052,0.808,0.274,27
2329,19408.318,0.709,0.268,19
2330,19416.689,0.743,0.272,23
2331,19425.002,0.752,0.270,27
2332,19433.414,0.809,0.290,19
2333,19441.814,0.848,0.291,23
2334,19450.228,0.878,0.272,27
2335,19458.413,0.776,0.276,19
2336,19466.697,0.755,0.275,23
2337,19474.988,0.760,0.275,27
2338,19483.320,0.728,0.275,19
2339,19491.710,0.745,0.289,23
2340,19500.134,0.875,0.293,27
2341,19508.341,0.725,0.262,19
2342,19516.674,0.754,0.263,23
2343,19525.018,0.745,0.269,27
2344,19533.413,0.770,0.277,19
2345,19541.808,0.803,0.266,23
2346,19549.976,0.749,0.265,27
2347,19558.360,0.704,0.270,19
2348,19566.716,0.770,0.273,23
2349,19575.004,0.770,0.269,27
2350,19583.374,0.746,0.275,19
2351,19591.727,0.758,0.277,23
2352,19600.000,0.749,0.267,27
2353,19608.333,0.727,0.269,19
2354,19616.699,0.731,0.269,23
2355,19625.039,0.720,0.264,27
2356,19633.370,0.723,0.263,19
2357,19641.842,0.794,0.280,23
2358,19650.133,0.766,0.264,27
2359,19658.372,0.693,0.264,19
2360,19666.701,0.717,0.271,23
2361,19675.070,0.755,0.270,27
2362,19683.528,0.816,0.292,19
2363,19691.765,0.737,0.277,23
2364,19700.011,0.712,0.263,27
2365,19708.296,0.673,0.259,19
2366,19716.736,0.768,0.284,23
2367,19725.042,0.761,0.263,27
2368,19733.407,0.768,0.263,19
2369,19741.727,0.731,0.281,23
2370,19749.997,0.753,0.258,27
2371,19758.527,0.785,0.284,19
2372,19766.692,0.732,0.272,23
2373,19775.002,0.744,0.274,27
2374,19783.320,0.696,0.267,19
2375,19791.719,0.760,0.284,23
2376,19800.006,0.759,0.260,27
2377,19808.343,0.700,0.261,19
2378,19816.742,0.737,0.274,23
2379,19825.214,0.895,0.289,27
2380,19833.425,0.783,0.286,19
2381,19841.777,0.780,0.266,23
2382,19850.151,0.790,0.276,27
2383,19858.522,0.803,0.275,19
2384,19866.772,0.773,0.290,23
2385,19875.066,0.772,0.278,27
2386,19883.375,0.703,0.269,19
2387,19891.797,0.751,0.276,23
2388,19900.056,0.741,0.271,27
2389,19908.347,0.677,0.262,19
2390,19916.730,0.748,0.284,23
2391,19925.311,0.990,0.272,27
2392,19933.484,0.798,0.282,19
2393,19941.857,0.804,0.272,23
2394,19950.089,0.731,0.267,27
2395,19958.494,0.727,0.269,19
2396,19966.770,0.717,0.286,23
2397,19975.183,0.829,0.279,27
2398,19983.497,0.762,0.269,19
2399,19991.819,0.754,0.286,23
2400,20000.064,0.788,0.283,27
2401,20008.398,0.679,0.270,19
2402,20016.762,0.696,0.267,23
2403,20025.212,0.866,0.273,27
2404,20033.642,0.919,0.285,19
2405,20041.925,0.885,0.290,23
2406,20050.238,0.905,0.283,27
2407,20058.662,0.922,0.280,19
2408,20066.721,0.690,0.265,23
2409,20075.034,0.692,0.269,27
2410,20083.652,0.939,0.279,19
2411,20092.032,0.887,0.283,23
2412,20100.327,0.944,0.282,27
2413,20108.661,0.920,0.287,19
2414,20116.909,0.860,0.290,23
2415,20125.254,0.909,0.285,27
2416,20133.573,0.906,0.292,19
2417,20141.881,0.843,0.284,23
2418,20150.213,0.895,0.285,27
2419,20158.639,0.924,0.288,19
2420,20166.883,0.870,0.293,23
2421,20175.218,0.891,0.282,27
2422,20183.601,0.892,0.279,19
2423,20191.900,0.898,0.293,23
2424,20200.227,0.890,0.284,27
2425,20208.618,0.885,0.275,19
2426,20216.909,0.846,0.285,23
2427,20225.259,0.879,0.280,27
2428,20233.724,0.955,0.300,19
2429,20241.877,0.792,0.276,23
2430,20250.429,0.859,0.278,27
2431,20258.688,0.906,0.287,19
2432,20266.903,0.809,0.270,23
2433,20275.239,0.864,0.283,27
2434,20283.558,0.811,0.268,19
2435,20291.832,0.766,0.274,23
2436,20300.195,0.819,0.278,27
2437,20308.549,0.816,0.267,19
2438,20316.871,0.785,0.280,23
2439,20325.280,0.890,0.277,27
2440,20333.561,0.818,0.272,19
2441,20341.875,0.804,0.276,23
2442,20350.210,0.831,0.272,27
2443,20358.610,0.825,0.276,19
2444,20366.841,0.781,0.277,23
2445,20375.211,0.808,0.268,27
2446,20383.615,0.841,0.277,19
2447,20391.902,0.804,0.274,23
2448,20400.116,0.778,0.283,27
2449,20408.397,0.721,0.279,19
2450,20416.887,0.840,0.292,23
2451,20425.157,0.806,0.293,27
2452,20433.413,0.713,0.256,19
2453,20441.801,0.785,0.285,23
2454,20450.198,0.884,0.297,27
2455,20458.525,0.777,0.280,19
2456,20466.772,0.740,0.276,23
2457,20475.156,0.801,0.288,27
2458,20483.404,0.719,0.282,19
2459,20491.797,0.727,0.291,23
2460,20500.130,0.796,0.284,27
2461,20508.427,0.745,0.278,19
2462,20517.007,0.886,0.291,23
2463,20525.361,0.941,0.280,27
2464,20533.636,0.883,0.285,19
2465,20541.938,0.864,0.283,23
2466,20550.189,0.782,0.278,27
2467,20558.594,0.806,0.284,19
2468,20566.840,0.754,0.275,23
2469,20575.155,0.767,0.279,27
2470,20583.505,0.753,0.278,19
2471,20591.879,0.757,0.276,23
2472,20600.197,0.789,0.278,27
2473,20608.606,0.810,0.281,19
2474,20616.856,0.748,0.282,23
2475,20625.295,0.871,0.281,27
2476,20633.812,0.884,0.283,19
2477,20642.020,0.851,0.272,23
2478,20650.312,0.891,0.280,27
2479,20658.597,0.782,0.286,19
2480,20666.853,0.733,0.283,23
2481,20675.252,0.826,0.287,27
2482,20683.600,0.804,0.285,19
2483,20691.900,0.745,0.279,23
2484,20700.229,0.789,0.281,27
2485,20708.600,0.798,0.297,19
2486,20716.916,0.779,0.274,23
2487,20725.345,0.899,0.281,27
2488,20733.667,0.888,0.284,19
2489,20741.894,0.774,0.284,23
2490,20750.245,0.814,0.281,27
2491,20758.601,0.779,0.281,19
2492,20766.819,0.702,0.271,23
2493,20775.181,0.710,0.270,27
2494,20783.486,0.725,0.274,19
2495,20791.908,0.758,0.271,23
2496,20800.234,0.784,0.286,27
2497,20808.625,0.820,0.293,19
2498,20816.878,0.730,0.275,23
2499,20825.265,0.836,0.284,27
2500,20833.628,0.822,0.293,19
2501,20842.062,0.876,0.316,23
2502,20850.272,0.783,0.293,27
2503,20858.710,0.806,0.292,19
2504,20866.894,0.761,0.283,23
2505,20875.236,0.760,0.282,27
2506,20883.554,0.794,0.290,19
2507,20891.876,0.771,0.296,23
2508,20900.242,0.770,0.290,27
2509,20908.442,0.738,0.279,19
2510,20916.805,0.730,0.296,23
2511,20925.191,0.839,0.296,27
2512,20933.492,0.759,0.287,19
2513,20941.816,0.782,0.296,23
2514,20950.241,0.818,0.292,27
2515,20958.694,0.823,0.287,19
2516,20966.860,0.772,0.316,23
2517,20975.097,0.758,0.279,27
2518,20983.476,0.768,0.277,19
2519,20991.833,0.755,0.301,23
2520,21000.133,0.784,0.290,27
2521,21008.739,0.848,0.289,19
2522,21016.912,0.754,0.281,23
2523,21025.272,0.790,0.277,27
2524,21033.647,0.825,0.291,19
2525,21041.947,0.788,0.281,23
2526,21050.262,0.812,0.280,27
2527,21058.696,0.847,0.292,19
2528,21067.016,0.855,0.280,23
2529,21075.262,0.775,0.286,27
2530,21083.586,0.774,0.291,19
2531,21091.882,0.738,0.286,23
2532,21100.299,0.792,0.282,27
2533,21108.663,0.793,0.283,19
2534,21116.935,0.802,0.285,23
2535,21125.244,0.801,0.287,27
2536,21133.643,0.795,0.281,19
2537,21142.000,0.821,0.283,23
2538,21150.282,0.785,0.291,27
2539,21158.698,0.782,0.278,19
2540,21166.888,0.752,0.279,23
2541,21175.209,0.766,0.283,27
2542,21183.596,0.794,0.285,19
2543,21191.878,0.740,0.278,23
2544,21200.268,0.772,0.289,27
2545,21208.619,0.789,0.282,19
2546,21216.979,0.785,0.296,23
2547,21225.316,0.818,0.282,27
2548,21233.618,0.787,0.283,19
2549,21242.119,0.919,0.281,23
2550,21250.527,0.931,0.276,27
2551,21258.803,0.880,0.286,19
2552,21267.079,0.907,0.278,23
2553,21275.367,0.887,0.279,27
2554,21283.636,0.848,0.271,19
2555,21291.931,0.808,0.271,23
2556,21300.257,0.808,0.274,27
2557,21308.706,0.859,0.279,19
2558,21317.004,0.821,0.290,23
2559,21325.388,0.956,0.280,27
2560,21333.571,0.763,0.276,19
2561,21341.832,0.749,0.284,23
2562,21350.172,0.767,0.271,27
2563,21358.660,0.772,0.278,19
2564,21366.985,0.780,0.276,23
2565,21375.214,0.715,0.271,27
2566,21383.603,0.767,0.278,19
2567,21391.858,0.730,0.276,23
2568,21400.141,0.729,0.270,27
2569,21408.548,0.747,0.269,19
2570,21416.831,0.708,0.277,23
2571,21425.192,0.753,0.274,27
2572,21433.561,0.755,0.286,19
2573,21441.892,0.745,0.279,23
2574,21450.217,0.821,0.281,27
2575,21458.704,0.795,0.275,19
2576,21466.835,0.737,0.281,23
2577,21475.230,0.777,0.281,27
2578,21483.536,0.765,0.268,19
2579,21491.875,0.737,0.282,23
2580,21500.213,0.767,0.274,27
2581,21508.554,0.755,0.270,19
2582,21516.849,0.738,0.279,23
2583,21525.182,0.769,0.274,27
2584,21533.598,0.783,0.283,19
2585,21541.867,0.744,0.282,23
2586,21550.191,0.747,0.278,27
2587,21558.643,0.745,0.270,19
2588,21566.848,0.729,0.285,23
2589,21575.177,0.748,0.272,27
2590,21583.628,0.775,0.277,19
2591,21591.984,0.817,0.293,23
2592,21600.259,0.753,0.276,27
2593,21608.808,0.828,0.282,19
2594,21616.838,0.740,0.286,23
2595,21625.308,0.806,0.289,27
2596,21633.612,0.774,0.273,19
2597,21641.972,0.819,0.292,23
2598,21650.504,0.823,0.282,27
2599,21658.800,0.823,0.281,19
2600,21666.911,0.724,0.270,23
2601,21675.272,0.782,0.282,27
2602,21683.639,0.797,0.291,19
2603,21691.876,0.733,0.282,23
2604,21700.243,0.741,0.270,27
2605,21708.605,0.756,0.276,19
2606,21716.865,0.716,0.280,23
2607,21725.244,0.793,0.280,27
2608,21733.610,0.751,0.288,19
2609,21741.881,0.755,0.295,23
2610,21750.398,0.911,0.286,27
2611,21758.713,0.797,0.288,19
2612,21766.876,0.739,0.288,23
2613,21775.216,0.770,0.285,27
2614,21783.599,0.761,0.286,19
2615,21791.880,0.727,0.301,23
2616,21800.375,0.880,0.299,27
2617,21808.717,0.891,0.276,19
2618,21817.005,0.844,0.273,23
2619,21825.381,0.913,0.275,27
2620,21833.691,0.875,0.285,19
2621,21841.997,0.872,0.276,23
2622,21850.453,0.894,0.287,27
2623,21858.823,0.867,0.276,19
2624,21867.094,0.898,0.276,23
2625,21875.388,0.853,0.270,27
2626,21883.765,0.830,0.288,19
2627,21891.943,0.708,0.269,23
2628,21900.279,0.710,0.265,27
2629,21908.644,0.746,0.268,19
2630,21917.023,0.795,0.286,23
2631,21925.273,0.691,0.267,27
2632,21933.687,0.775,0.274,19
2633,21941.954,0.729,0.281,23
2634,21950.410,0.703,0.270,27
2635,21958.836,0.726,0.272,19
2636,21966.974,0.738,0.271,23
2637,21975.237,0.685,0.261,27
2638,21983.634,0.730,0.268,19
2639,21991.992,0.769,0.313,23
2640,22000.267,0.692,0.267,27
2641,22008.651,0.738,0.266,19
2642,22016.987,0.739,0.268,23
2643,22025.369,0.782,0.274,27
2644,22033.687,0.755,0.278,19
2645,22042.037,0.787,0.275,23
2646,22050.285,0.715,0.270,27
2647,22058.717,0.743,0.285,19
2648,22066.961,0.711,0.273,23
2649,22075.305,0.737,0.275,27
2650,22083.671,0.767,0.275,19
2651,22092.169,0.894,0.283,23
2652,22100.357,0.740,0.276,27
2653,22108.670,0.725,0.267,19
2654,22116.994,0.728,0.273,23
2655,22125.375,0.786,0.272,27
2656,22133.705,0.773,0.276,19
2657,22141.969,0.757,0.288,23
2658,22150.298,0.721,0.274,27
2659,22158.720,0.728,0.274,19
2660,22166.965,0.723,0.273,23
2661,22175.282,0.691,0.274,27
2662,22183.803,0.809,0.296,19
2663,22192.125,0.844,0.311,23
2664,22200.280,0.695,0.269,27
2665,22208.698,0.753,0.272,19
2666,22217.015,0.730,0.277,23
2667,22225.361,0.758,0.271,27
2668,22233.758,0.789,0.305,19
2669,22242.140,0.805,0.293,23
2670,22250.552,0.816,0.293,27
2671,22258.857,0.778,0.294,19
2672,22267.152,0.829,0.286,23
2673,22275.475,0.818,0.281,27
2674,22283.737,0.741,0.304,19
2675,22292.070,0.760,0.281,23
2676,22300.406,0.770,0.270,27
2677,22308.731,0.747,0.297,19
2678,22317.072,0.719,0.285,23
2679,22325.453,0.804,0.286,27
2680,22333.803,0.793,0.290,19
2681,22342.078,0.773,0.288,23
2682,22350.526,0.792,0.290,27
2683,22358.845,0.715,0.296,19
2684,22367.163,0.809,0.292,23
2685,22375.392,0.731,0.280,27
2686,22383.724,0.704,0.265,19
2687,22392.015,0.691,0.268,23
2688,22400.352,0.687,0.262,27
2689,22408.770,0.738,0.292,19
2690,22417.122,0.742,0.266,23
2691,22425.562,0.828,0.273,27
2692,22433.849,0.727,0.273,19
2693,22442.290,0.804,0.302,23
2694,22450.565,0.822,0.281,27
2695,22458.846,0.768,0.287,19
2696,22467.150,0.797,0.278,23
2697,22475.439,0.787,0.286,27
2698,22483.795,0.766,0.287,19
2699,22492.152,0.817,0.284,23
2700,22500.398,0.746,0.271,27
2701,22508.733,0.759,0.293,19
2702,22517.078,0.780,0.276,23
2703,22525.449,0.800,0.282,27
2704,22533.742,0.759,0.281,19
2705,22542.067,0.818,0.276,23
2706,22550.360,0.741,0.264,27
2707,22558.798,0.787,0.290,19
2708,22567.225,0.889,0.293,23
2709,22575.326,0.737,0.279,27
2710,22583.660,0.761,0.277,19
2711,22591.968,0.749,0.301,23
2712,22600.236,0.702,0.271,27
2713,22608.655,0.762,0.285,19
2714,22617.005,0.746,0.276,23
2715,22625.239,0.711,0.273,27
2716,22633.692,0.775,0.283,19
2717,22641.981,0.803,0.291,23
2718,22650.305,0.715,0.272,27
2719,22658.740,0.757,0.283,19
2720,22666.950,0.742,0.283,23
2721,22675.311,0.733,0.280,27
2722,22683.785,0.793,0.291,19
2723,22692.038,0.764,0.271,23
2724,22700.307,0.727,0.281,27
2725,22708.728,0.741,0.280,19
2726,22717.050,0.755,0.267,23
2727,22725.411,0.748,0.268,27
2728,22733.736,0.744,0.287,19
2729,22742.102,0.776,0.270,23
2730,22750.299,0.710,0.273,27
2731,22758.777,0.732,0.272,19
2732,22766.947,0.731,0.271,23
2733,22775.302,0.709,0.269,27
2734,22783.639,0.736,0.273,19
2735,22791.944,0.730,0.274,23
2736,22800.396,0.783,0.264,27
2737,22808.666,0.743,0.279,19
2738,22816.960,0.744,0.290,23
2739,22825.317,0.759,0.278,27
2740,22833.715,0.783,0.285,19
2741,22841.998,0.822,0.285,23
2742,22850.381,0.729,0.262,27
2743,22858.797,0.750,0.282,19
2744,22867.038,0.768,0.286,23
2745,22875.405,0.753,0.281,27
2746,22883.733,0.745,0.273,19
2747,22892.199,0.849,0.282,23
2748,22900.639,0.858,0.270,27
2749,22908.818,0.761,0.281,19
2750,22917.178,0.752,0.267,23
2751,22925.453,0.706,0.265,27
2752,22933.720,0.703,0.265,19
2753,22942.081,0.745,0.263,23
2754,22950.519,0.767,0.261,27
2755,22958.847,0.713,0.294,19
2756,22967.043,0.697,0.265,23
2757,22975.398,0.707,0.266,27
2758,22983.745,0.694,0.263,19
2759,22992.044,0.692,0.264,23
2760,23000.442,0.723,0.265,27
2761,23008.959,0.808,0.267,19
2762,23017.238,0.922,0.269,23
2763,23025.575,0.897,0.267,27
2764,23033.883,0.860,0.292,19
2765,23042.188,0.862,0.268,23
2766,23050.502,0.855,0.266,27
2767,23060.616,0.879,0.268,19
2768,23067.167,0.884,0.265,23
2769,23075.508,0.883,0.275,27
2770,23083.832,0.878,0.287,19
2771,23092.237,0.904,0.272,23
2772,23100.834,0.976,0.267,27
2773,23108.873,0.881,0.303,19
2774,23117.303,0.933,0.280,23
2775,23125.522,0.764,0.276,27
2776,23133.866,0.801,0.295,19
2777,23142.086,0.742,0.275,23
2778,23150.591,0.769,0.281,27
2779,23158.859,0.702,0.278,19
2780,23167.187,0.831,0.284,23
2781,23175.553,0.806,0.277,27
2782,23183.791,0.752,0.295,19
2783,23192.223,0.886,0.285,23
2784,23200.467,0.752,0.279,27
2785,23208.833,0.763,0.290,19
2786,23217.293,0.933,0.283,23
2787,23225.714,0.958,0.312,27
2788,23233.935,0.879,0.306,19
2789,23242.334,0.932,0.278,23
2790,23250.671,0.911,0.299,27
2791,23258.846,0.720,0.290,19
2792,23267.165,0.750,0.281,23
2793,23275.715,0.944,0.291,27
2794,23283.844,0.731,0.288,19
2795,23292.105,0.740,0.279,23
2796,23300.434,0.699,0.278,27
2797,23308.816,0.753,0.292,19
2798,23317.305,0.913,0.284,23
2799,23325.597,0.879,0.288,27
2800,23333.914,0.846,0.292,19
2801,23342.178,0.815,0.284,23
2802,23350.444,0.764,0.279,27
2803,23358.865,0.782,0.292,19
2804,23367.025,0.744,0.266,23
2805,23375.357,0.695,0.262,27
2806,23383.801,0.735,0.280,19
2807,23392.118,0.804,0.277,23
2808,23400.397,0.742,0.278,27
2809,23408.833,0.802,0.264,19
2810,23417.058,0.787,0.286,23
2811,23425.551,0.902,0.275,27
2812,23433.832,0.851,0.291,19
2813,23442.192,0.934,0.289,23
2814,23450.531,0.817,0.285,27
2815,23458.955,0.854,0.281,19
2816,23467.234,0.850,0.280,23
2817,23475.440,0.755,0.273,27
2818,23483.752,0.749,0.279,19
2819,23492.066,0.764,0.274,23
2820,23500.428,0.772,0.278,27
2821,23508.755,0.757,0.269,19
2822,23517.053,0.744,0.256,23
2823,23525.431,0.773,0.270,27
2824,23533.770,0.747,0.277,19
2825,23542.097,0.803,0.270,23
2826,23550.486,0.755,0.269,27
2827,23558.800,0.733,0.251,19
2828,23567.235,0.808,0.283,23
2829,23575.427,0.746,0.260,27
2830,23583.796,0.760,0.264,19
2831,23592.130,0.787,0.276,23
2832,23600.474,0.743,0.272,27
2833,23608.749,0.692,0.281,19
2834,23617.200,0.856,0.274,23
2835,23625.645,0.957,0.279,27
2836,23633.812,0.785,0.269,19
2837,23642.221,0.832,0.273,23
2838,23650.615,0.837,0.268,27
2839,23658.876,0.838,0.285,19
2840,23667.165,0.862,0.271,23
2841,23675.548,0.866,0.280,27
2842,23683.826,0.800,0.264,19
2843,23692.246,0.899,0.279,23
2844,23700.556,0.845,0.271,27
2845,23708.834,0.797,0.268,19
2846,23717.179,0.837,0.274,23
2847,23725.594,0.911,0.272,27
2848,23733.946,0.920,0.285,19
2849,23742.192,0.886,0.272,23
2850,23750.551,0.864,0.272,27
2851,23758.849,0.711,0.279,19
2852,23767.275,0.858,0.287,23
2853,23775.436,0.716,0.274,27
2854,23783.818,0.738,0.281,19
2855,23792.169,0.812,0.277,23
2856,23800.690,0.955,0.310,27
2857,23808.951,0.908,0.285,19
2858,23817.414,0.986,0.287,23
2859,23825.577,0.868,0.284,27
2860,23833.888,0.836,0.278,19
2861,23842.228,0.888,0.278,23
2862,23850.572,0.892,0.276,27
2863,23858.947,0.837,0.280,19
2864,23867.217,0.883,0.281,23
2865,23875.577,0.887,0.283,27
2866,23883.913,0.866,0.285,19
2867,23892.229,0.874,0.280,23
2868,23900.556,0.870,0.282,27
2869,23908.849,0.774,0.254,19
2870,23917.224,0.872,0.277,23
2871,23925.402,0.730,0.272,27
2872,23933.819,0.739,0.284,19
2873,23942.110,0.767,0.277,23
2874,23950.492,0.782,0.289,27
2875,23958.842,0.753,0.290,19
2876,23967.143,0.794,0.284,23
2877,23975.504,0.793,0.285,27
2878,23983.773,0.730,0.277,19
2879,23992.144,0.797,0.285,23
2880,24000.451,0.746,0.288,27
2881,24008.817,0.719,0.283,19
2882,24017.248,0.862,0.287,23
2883,24025.563,0.838,0.282,27
2884,24033.771,0.713,0.274,19
2885,24042.283,0.932,0.286,23
2886,24050.778,0.946,0.285,27
2887,24059.183,0.923,0.276,19
2888,24067.238,0.849,0.274,23
2889,24075.603,0.874,0.273,27
2890,24083.870,0.792,0.274,19
2891,24092.182,0.823,0.273,23
2892,24100.515,0.828,0.269,27
2893,24108.874,0.786,0.274,19
2894,24117.216,0.811,0.275,23
2895,24125.654,0.903,0.296,27
2896,24133.909,0.807,0.279,19
2897,24142.207,0.829,0.275,23
2898,24150.768,0.928,0.273,27
2899,24158.988,0.823,0.289,19
2900,24167.139,0.799,0.270,23
2901,24175.527,0.819,0.272,27
2902,24183.843,0.800,0.268,19
2903,24192.128,0.794,0.271,23
2904,24200.502,0.805,0.270,27
2905,24208.848,0.772,0.279,19
2906,24217.147,0.789,0.271,23
2907,24225.557,0.863,0.272,27
2908,24233.886,0.798,0.276,19
2909,24242.172,0.803,0.273,23
2910,24250.688,0.848,0.274,27
2911,24258.989,0.819,0.289,19
2912,24267.172,0.815,0.274,23
2913,24275.542,0.826,0.275,27
2914,24283.911,0.841,0.269,19
2915,24292.264,0.899,0.274,23
2916,24300.589,0.877,0.277,27
2917,24308.883,0.838,0.271,19
2918,24317.272,0.892,0.273,23
2919,24325.563,0.869,0.269,27
2920,24333.940,0.831,0.284,19
2921,24342.260,0.926,0.274,23
2922,24350.547,0.743,0.277,27
2923,24359.056,0.879,0.287,19
2924,24367.306,0.891,0.272,23
2925,24375.663,0.894,0.291,27
2926,24383.967,0.847,0.272,19
2927,24392.304,0.867,0.274,23
2928,24400.690,0.913,0.286,27
2929,24408.809,0.728,0.294,19
2930,24417.134,0.748,0.277,23
2931,24425.536,0.836,0.274,27
2932,24433.795,0.711,0.281,19
2933,24442.155,0.799,0.283,23
2934,24450.452,0.721,0.265,27
2935,24458.909,0.766,0.282,19
2936,24467.216,0.833,0.288,23
2937,24475.502,0.801,0.286,27
2938,24483.801,0.737,0.288,19
2939,24492.167,0.783,0.287,23
2940,24500.653,0.897,0.294,27
2941,24508.835,0.726,0.279,19
2942,24517.187,0.741,0.273,23
2943,24525.620,0.802,0.287,27
2944,24533.830,0.700,0.267,19
2945,24542.162,0.736,0.275,23
2946,24550.532,0.808,0.278,27
2947,24558.905,0.743,0.285,19
2948,24567.279,0.900,0.314,23
2949,24575.544,0.833,0.286,27
2950,24583.873,0.761,0.282,19
2951,24592.114,0.744,0.282,23
2952,24600.481,0.775,0.274,27
2953,24608.796,0.724,0.281,19
2954,24617.136,0.770,0.283,23
2955,24625.619,0.916,0.282,27
2956,24633.800,0.725,0.284,19
2957,24642.219,0.827,0.294,23
2958,24650.530,0.800,0.273,27
2959,24658.955,0.764,0.292,19
2960,24667.262,0.847,0.300,23
2961,24675.576,0.795,0.295,27
2962,24683.866,0.749,0.293,19
2963,24692.257,0.771,0.292,23
2964,24700.585,0.780,0.291,27
2965,24708.872,0.741,0.287,19
2966,24717.175,0.763,0.288,23
2967,24725.701,0.886,0.303,27
2968,24733.900,0.737,0.290,19
2969,24742.198,0.773,0.286,23
2970,24750.548,0.770,0.282,27
2971,24758.928,0.750,0.288,19
2972,24767.226,0.819,0.289,23
2973,24775.675,0.907,0.311,27
2974,24783.797,0.711,0.268,19
2975,24792.159,0.752,0.287,23
2976,24800.538,0.774,0.279,27
2977,24808.837,0.743,0.283,19
2978,24817.143,0.739,0.284,23
2979,24825.618,0.847,0.294,27
2980,24833.869,0.709,0.264,19
2981,24842.341,0.925,0.282,23
2982,24850.843,0.865,0.275,27
2983,24859.042,0.794,0.274,19
2984,24867.199,0.754,0.271,23
2985,24875.595,0.758,0.275,27
2986,24883.901,0.716,0.273,19
2987,24892.344,0.898,0.280,23
2988,24900.665,0.846,0.283,27
2989,24908.858,0.723,0.280,19
2990,24917.159,0.716,0.265,23
2991,24925.617,0.791,0.269,27
2992,24934.007,0.877,0.282,19
2993,24942.195,0.782,0.274,23
2994,24950.641,0.781,0.280,27
2995,24958.994,0.747,0.270,19
2996,24967.219,0.788,0.265,23
2997,24975.520,0.720,0.272,27
2998,24983.884,0.707,0.268,19
2999,24992.177,0.707,0.275,23
3000,25000.565,0.748,0.272,27
3001,25008.833,0.728,0.271,19
3002,25017.403,0.834,0.272,23
3003,25025.698,0.835,0.257,27
3004,25034.034,0.815,0.272,19
3005,25042.242,0.721,0.270,23
3006,25050.693,0.747,0.265,27
3007,25059.125,0.767,0.270,19
3008,25067.242,0.736,0.272,23
3009,25075.635,0.766,0.272,27
3010,25083.885,0.702,0.277,19
3011,25092.284,0.729,0.271,23
3012,25100.705,0.772,0.272,27
3013,25109.027,0.763,0.275,19
3014,25117.407,0.787,0.279,23
3015,25125.772,0.883,0.278,27
3016,25134.041,0.831,0.281,19
3017,25142.384,0.832,0.280,23
3018,25150.816,0.814,0.277,27
3019,25159.142,0.837,0.275,19
3020,25167.376,0.814,0.276,23
3021,25175.802,0.873,0.284,27
3022,25184.036,0.813,0.277,19
3023,25192.421,0.854,0.281,23
3024,25200.743,0.871,0.278,27
3025,25208.981,0.798,0.283,19
3026,25217.270,0.769,0.269,23
3027,25225.765,0.836,0.267,27
3028,25234.075,0.825,0.273,19
3029,25242.376,0.826,0.302,23
3030,25250.840,0.815,0.282,27
3031,25259.093,0.863,0.285,19
3032,25267.393,0.815,0.280,23
3033,25275.701,0.834,0.279,27
3034,25284.015,0.787,0.271,19
3035,25292.320,0.799,0.269,23
3036,25300.673,0.800,0.263,27
3037,25308.934,0.761,0.270,19
3038,25317.329,0.775,0.274,23
3039,25325.697,0.807,0.264,27
3040,25334.051,0.849,0.307,19
3041,25342.319,0.821,0.288,23
3042,25350.711,0.868,0.301,27
3043,25359.094,0.868,0.286,19
3044,25367.351,0.847,0.294,23
3045,25375.739,0.863,0.279,27
3046,25384.866,1.549,0.309,19
3047,25392.737,1.022,0.308,23
3048,25400.867,0.913,0.317,27
3049,25409.077,0.883,0.296,19
3050,25417.334,0.838,0.294,23
3051,25425.822,0.990,0.291,27
3052,25434.082,0.917,0.319,19
3053,25442.211,0.779,0.269,23
3054,25450.782,0.883,0.276,27
3055,25459.145,0.911,0.290,19
3056,25467.356,0.875,0.278,23
3057,25475.596,0.770,0.286,27
3058,25483.942,0.769,0.272,19
3059,25492.395,0.905,0.293,23
3060,25500.735,0.878,0.272,27
3061,25508.873,0.707,0.270,19
3062,25517.207,0.716,0.268,23
3063,25525.730,0.900,0.296,27
3064,25534.059,0.872,0.286,19
3065,25542.380,0.893,0.285,23
3066,25550.823,0.911,0.296,27
3067,25559.151,0.861,0.277,19
3068,25567.374,0.867,0.289,23
3069,25575.747,0.886,0.282,27
3070,25584.030,0.858,0.294,19
3071,25592.338,0.845,0.276,23
3072,25600.749,0.895,0.281,27
3073,25609.011,0.821,0.275,19
3074,25617.361,0.858,0.282,23
3075,25625.853,0.911,0.287,27
3076,25634.122,0.877,0.294,19
3077,25642.388,0.881,0.282,23
3078,25650.815,0.891,0.292,27
3079,25659.149,0.888,0.284,19
3080,25667.345,0.842,0.276,23
3081,25675.796,0.902,0.293,27
3082,25684.050,0.861,0.274,19
3083,25692.360,0.849,0.279,23
3084,25700.727,0.855,0.278,27
3085,25709.075,0.889,0.292,19
3086,25717.391,0.857,0.287,23
3087,25725.833,0.932,0.301,27
3088,25734.080,0.871,0.275,19
3089,25742.372,0.874,0.286,23
3090,25750.852,0.884,0.312,27
3091,25759.147,0.879,0.284,19
3092,25767.587,0.870,0.282,23
3093,25775.769,0.872,0.291,27
3094,25784.079,0.879,0.283,19
3095,25792.375,0.864,0.283,23
3096,25800.774,0.889,0.305,27
3097,25809.080,0.856,0.286,19
3098,25817.350,0.830,0.285,23
3099,25825.776,0.870,0.293,27
3100,25834.128,0.912,0.288,19
3101,25842.395,0.869,0.277,23
3102,25850.790,0.855,0.288,27
3103,25859.102,0.870,0.286,19
3104,25867.384,0.851,0.278,23
3105,25875.774,0.882,0.306,27
3106,25884.149,0.897,0.283,19
3107,25892.442,0.851,0.281,23
3108,25900.773,0.865,0.293,27
3109,25909.085,0.879,0.283,19
3110,25917.416,0.840,0.278,23
3111,25925.825,0.895,0.284,27
3112,25934.140,0.878,0.290,19
3113,25942.386,0.870,0.278,23
3114,25950.844,0.887,0.290,27
3115,25959.176,0.867,0.284,19
3116,25967.366,0.849,0.281,23
3117,25975.734,0.819,0.293,27
3118,25984.062,0.813,0.265,19
3119,25992.353,0.834,0.274,23
3120,26000.792,0.878,0.286,27
3121,26009.075,0.866,0.279,19
3122,26017.357,0.829,0.279,23
3123,26025.831,0.907,0.267,27
3124,26034.022,0.756,0.264,19
3125,26042.433,0.908,0.273,23
3126,26050.902,0.911,0.287,27
3127,26059.402,1.051,0.352,19
3128,26067.329,0.716,0.262,23
3129,26075.605,0.720,0.275,27
3130,26083.976,0.756,0.300,19
3131,26092.266,0.688,0.276,23
3132,26100.796,0.867,0.282,27
3133,26109.060,0.799,0.263,19
3134,26117.355,0.768,0.267,23
3135,26125.649,0.721,0.270,27
3136,26133.999,0.776,0.276,19
3137,26142.339,0.696,0.260,23
3138,26150.791,0.774,0.266,27
3139,26159.116,0.828,0.269,19
3140,26167.491,0.866,0.302,23
3141,26175.821,0.909,0.282,27
3142,26184.065,0.840,0.277,19
3143,26192.360,0.803,0.277,23
3144,26200.744,0.835,0.277,27
3145,26209.047,0.839,0.271,19
3146,26217.367,0.788,0.270,23
3147,26225.740,0.833,0.278,27
3148,26234.066,0.845,0.291,19
3149,26242.437,0.813,0.276,23
3150,26250.803,0.763,0.279,27
3151,26259.231,0.898,0.273,19
3152,26267.418,0.808,0.278,23
3153,26275.770,0.831,0.288,27
3154,26284.068,0.859,0.277,19
3155,26292.396,0.836,0.280,23
3156,26300.742,0.818,0.292,27
3157,26309.081,0.858,0.277,19
3158,26317.397,0.820,0.281,23
3159,26325.893,0.951,0.278,27
3160,26334.050,0.795,0.285,19
3161,26342.524,0.954,0.286,23
3162,26350.731,0.736,0.289,27
3163,26359.029,0.775,0.290,19
3164,26367.286,0.725,0.286,23
3165,26375.678,0.752,0.286,27
3166,26383.929,0.718,0.286,19
3167,26392.271,0.705,0.289,23
3168,26400.661,0.733,0.286,27
3169,26408.935,0.725,0.284,19
3170,26417.363,0.743,0.280,23
3171,26425.767,0.842,0.290,27
3172,26434.053,0.857,0.307,19
3173,26442.452,0.874,0.298,23
3174,26450.892,0.866,0.320,27
3175,26459.098,0.810,0.286,19
3176,26467.377,0.794,0.295,23
3177,26475.760,0.791,0.299,27
3178,26484.022,0.788,0.309,19
3179,26492.377,0.800,0.293,23
3180,26500.731,0.758,0.299,27
3181,26509.017,0.764,0.291,19
3182,26517.360,0.716,0.281,23
3183,26525.817,0.831,0.270,27
3184,26534.181,0.921,0.305,19
3185,26542.540,0.934,0.292,23
3186,26550.838,0.756,0.298,27
3187,26559.079,0.751,0.286,19
3188,26567.315,0.728,0.296,23
3189,26575.704,0.710,0.286,27
3190,26584.033,0.745,0.287,19
3191,26592.377,0.716,0.283,23
3192,26600.845,0.895,0.302,27
3193,26609.144,0.887,0.296,19
3194,26617.492,0.864,0.288,23
3195,26625.890,0.935,0.309,27
3196,26634.063,0.778,0.300,19
3197,26642.535,0.876,0.286,23
3198,26651.002,0.879,0.293,27
3199,26659.333,0.924,0.288,19
3200,26667.440,0.776,0.290,23
3201,26675.916,0.929,0.295,27
3202,26684.223,0.918,0.291,19
3203,26692.576,0.899,0.288,23
3204,26700.855,0.857,0.283,27
3205,26709.031,0.731,0.279,19
3206,26717.360,0.675,0.270,23
3207,26725.813,0.806,0.278,27
3208,26734.079,0.781,0.274,19
3209,26742.537,0.925,0.281,23
3210,26750.938,0.844,0.287,27
3211,26759.284,0.920,0.280,19
3212,26767.540,0.892,0.278,23
3213,26775.810,0.824,0.276,27
3214,26783.985,0.733,0.275,19
3215,26792.326,0.728,0.275,23
3216,26800.720,0.746,0.285,27
3217,26809.037,0.742,0.278,19
3218,26817.607,0.962,0.281,23
3219,26825.836,0.856,0.278,27
3220,26834.116,0.824,0.269,19
3221,26842.438,0.796,0.289,23
3222,26850.798,0.769,0.294,27
3223,26859.107,0.791,0.287,19
3224,26867.364,0.741,0.287,23
3225,26875.686,0.735,0.287,27
3226,26884.134,0.778,0.303,19
3227,26892.433,0.759,0.303,23
3228,26900.785,0.776,0.314,27
3229,26909.050,0.766,0.304,19
3230,26917.615,0.995,0.310,23
3231,26925.909,0.924,0.322,27
3232,26934.217,0.932,0.310,19
3233,26942.568,0.933,0.307,23
3234,26950.981,0.878,0.315,27
3235,26959.373,0.964,0.309,19
3236,26967.606,0.947,0.309,23
3237,26975.879,0.889,0.325,27
3238,26984.209,0.923,0.305,19
3239,26992.658,0.967,0.306,23
3240,27000.881,0.902,0.320,27
3241,27009.202,0.930,0.306,19
3242,27017.630,0.949,0.306,23
3243,27025.908,0.893,0.303,27
3244,27034.254,0.925,0.314,19
3245,27042.572,0.943,0.306,23
3246,27050.840,0.885,0.311,27
3247,27059.324,0.972,0.325,19
3248,27067.571,0.920,0.302,23
3249,27075.873,0.895,0.322,27
3250,27084.166,0.906,0.306,19
3251,27092.570,0.911,0.304,23
3252,27100.890,0.888,0.305,27
3253,27109.155,0.858,0.306,19
3254,27117.412,0.773,0.318,23
3255,27125.775,0.784,0.308,27
3256,27134.209,0.817,0.311,19
3257,27142.473,0.809,0.307,23
3258,27151.027,0.913,0.290,27
3259,27159.294,0.900,0.284,19
3260,27167.559,0.888,0.284,23
3261,27175.794,0.795,0.298,27
3262,27184.089,0.788,0.297,19
3263,27192.387,0.726,0.276,23
3264,27200.869,0.857,0.290,27
3265,27209.090,0.796,0.282,19
3266,27217.407,0.741,0.277,23
3267,27225.806,0.781,0.279,27
3268,27234.232,0.857,0.280,19
3269,27242.509,0.807,0.278,23
3270,27251.093,0.907,0.286,27
3271,27259.186,0.761,0.280,19
3272,27267.421,0.731,0.286,23
3273,27275.778,0.709,0.272,27
3274,27284.083,0.763,0.291,19
3275,27292.401,0.725,0.287,23
3276,27300.803,0.731,0.293,27
3277,27309.116,0.760,0.286,19
3278,27317.380,0.708,0.278,23
3279,27325.824,0.794,0.295,27
3280,27334.071,0.752,0.276,19
3281,27342.481,0.847,0.283,23
3282,27350.989,0.862,0.305,27
3283,27359.318,0.930,0.284,19
3284,27367.433,0.745,0.295,23
3285,27375.860,0.897,0.295,27
3286,27384.227,0.917,0.288,19
3287,27392.403,0.749,0.297,23
3288,27400.764,0.741,0.287,27
3289,27409.119,0.805,0.305,19
3290,27417.428,0.721,0.292,23
3291,27425.890,0.851,0.289,27
3292,27434.215,0.883,0.292,19
3293,27442.575,0.906,0.301,23
3294,27451.008,0.885,0.280,27
3295,27459.257,0.871,0.280,19
3296,27467.552,0.876,0.310,23
3297,27475.869,0.831,0.289,27
3298,27484.076,0.751,0.276,19
3299,27492.407,0.726,0.279,23
3300,27500.802,0.702,0.280,27
3301,27509.139,0.779,0.280,19
3302,27517.412,0.719,0.277,23
3303,27525.876,0.781,0.282,27
3304,27534.095,0.716,0.267,19
3305,27542.562,0.823,0.288,23
3306,27551.105,0.874,0.298,27
3307,27559.290,0.739,0.284,19
3308,27567.548,0.728,0.278,23
3309,27575.824,0.708,0.282,27
3310,27584.111,0.745,0.275,19
3311,27592.504,0.789,0.281,23
3312,27600.836,0.717,0.284,27
3313,27609.133,0.755,0.277,19
3314,27617.713,0.811,0.284,23
3315,27625.882,0.786,0.288,27
3316,27634.197,0.799,0.297,19
3317,27642.572,0.852,0.299,23
3318,27650.970,0.807,0.299,27
3319,27659.178,0.802,0.291,19
3320,27667.503,0.794,0.291,23
3321,27675.805,0.755,0.287,27
3322,27684.214,0.796,0.287,19
3323,27692.509,0.772,0.296,23
3324,27701.002,0.901,0.291,27
3325,27709.241,0.840,0.321,19
3326,27717.527,0.800,0.284,23
3327,27725.875,0.802,0.290,27
3328,27734.236,0.830,0.292,19
3329,27742.617,0.896,0.291,23
3330,27750.967,0.853,0.300,27
3331,27759.354,0.879,0.287,19
3332,27767.624,0.836,0.299,23
3333,27775.863,0.771,0.297,27
3334,27784.181,0.790,0.281,19
3335,27792.497,0.761,0.283,23
3336,27800.902,0.788,0.282,27
3337,27809.118,0.759,0.284,19
3338,27817.494,0.758,0.281,23
3339,27826.096,0.930,0.303,27
3340,27834.436,0.938,0.292,19
3341,27842.701,0.928,0.292,23
3342,27851.118,0.905,0.281,27
3343,27859.347,0.864,0.280,19
3344,27867.658,0.864,0.287,23
3345,27876.013,0.889,0.283,27
3346,27884.281,0.871,0.280,19
3347,27892.635,0.881,0.289,23
3348,27900.856,0.720,0.277,27
3349,27909.190,0.770,0.274,19
3350,27917.499,0.736,0.270,23
3351,27925.849,0.724,0.282,27
3352,27934.198,0.799,0.282,19
3353,27942.541,0.805,0.273,23
3354,27950.996,0.783,0.282,27
3355,27959.168,0.699,0.273,19
3356,27967.503,0.756,0.275,23
3357,27975.818,0.719,0.279,27
3358,27984.115,0.722,0.272,19
3359,27992.449,0.705,0.275,23
3360,28000.814,0.727,0.275,27
3361,28009.133,0.754,0.277,19
3362,28017.499,0.746,0.277,23
3363,28025.820,0.730,0.297,27
3364,28034.136,0.746,0.270,19
3365,28042.501,0.740,0.276,23
3366,28051.094,0.876,0.289,27
3367,28059.274,0.755,0.280,19
3368,28067.600,0.770,0.283,23
3369,28075.907,0.740,0.279,27
3370,28084.163,0.758,0.276,19
3371,28092.526,0.752,0.275,23
3372,28100.807,0.700,0.274,27
3373,28109.438,0.937,0.298,19
3374,28117.595,0.781,0.290,23
3375,28125.923,0.807,0.281,27
3376,28134.324,0.886,0.287,19
3377,28142.596,0.805,0.279,23
3378,28150.993,0.774,0.301,27
3379,28159.255,0.737,0.278,19
3380,28167.589,0.788,0.283,23
3381,28175.857,0.736,0.294,27
3382,28184.169,0.760,0.280,19
3383,28192.586,0.785,0.276,23
3384,28200.941,0.750,0.281,27
3385,28209.216,0.792,0.297,19
3386,28217.583,0.776,0.280,23
3387,28225.927,0.785,0.285,27
3388,28234.174,0.771,0.289,19
3389,28242.586,0.824,0.289,23
3390,28251.175,0.925,0.285,27
3391,28259.350,0.845,0.275,19
3392,28267.633,0.870,0.277,23
3393,28275.844,0.733,0.282,27
3394,28284.248,0.803,0.272,19
3395,28292.632,0.854,0.282,23
3396,28300.921,0.797,0.279,27
3397,28309.325,0.799,0.272,19
3398,28317.641,0.831,0.275,23
3399,28325.962,0.834,0.277,27
3400,28334.239,0.791,0.279,19
3401,28342.584,0.816,0.280,23
3402,28350.975,0.763,0.285,27
3403,28359.254,0.759,0.318,19
3404,28367.566,0.818,0.296,23
3405,28375.843,0.728,0.276,27
3406,28384.191,0.749,0.286,19
3407,28392.564,0.791,0.272,23
3408,28400.841,0.725,0.277,27
3409,28409.225,0.792,0.287,19
3410,28417.545,0.735,0.269,23
3411,28425.919,0.797,0.284,27
3412,28434.220,0.796,0.294,19
3413,28442.599,0.785,0.280,23
3414,28450.936,0.754,0.288,27
3415,28459.244,0.728,0.281,19
3416,28467.635,0.852,0.280,23
3417,28475.933,0.818,0.279,27
3418,28484.258,0.786,0.275,19
3419,28492.724,0.929,0.309,23
3420,28500.893,0.775,0.309,27
3421,28509.159,0.763,0.298,19
3422,28517.545,0.797,0.307,23
3423,28526.056,0.943,0.310,27
3424,28534.318,0.913,0.312,19
3425,28542.750,0.961,0.307,23
3426,28551.024,0.920,0.316,27
3427,28559.481,0.977,0.308,19
3428,28567.793,1.013,0.316,23
3429,28576.194,1.003,0.289,27
3430,28584.385,0.858,0.278,19
3431,28592.772,0.837,0.283,23
3432,28600.938,0.732,0.288,27
3433,28609.232,0.779,0.279,19
3434,28617.594,0.782,0.271,23
3435,28625.911,0.744,0.264,27
3436,28634.320,0.827,0.264,19
3437,28642.782,0.941,0.297,23
3438,28651.092,0.905,0.285,27
3439,28659.499,0.944,0.292,19
3440,28667.871,1.012,0.310,23
3441,28676.134,0.904,0.287,27
3442,28684.427,0.907,0.279,19
3443,28692.886,0.965,0.352,23
3444,28701.117,0.855,0.293,27
3445,28709.644,1.017,0.329,19
3446,28717.904,1.007,0.308,23
3447,28726.179,0.967,0.292,27
3448,28734.598,1.030,0.327,19
3449,28742.890,0.963,0.343,23
3450,28751.478,1.063,0.322,27
3451,28759.698,0.974,0.310,19
3452,28767.842,0.941,0.325,23
3453,28776.359,1.015,0.296,27
3454,28784.661,1.044,0.306,19
3455,28792.960,0.882,0.305,23
3456,28801.316,0.981,0.297,27
3457,28809.495,0.894,0.296,19
3458,28818.128,1.095,0.283,23
3459,28826.126,0.926,0.283,27
3460,28834.694,1.063,0.302,19
3461,28843.070,1.019,0.303,23
3462,28851.475,1.058,0.317,27
3463,28859.810,1.039,0.306,19
3464,28868.010,0.980,0.313,23
3465,28876.346,1.046,0.313,27
3466,28884.791,1.076,0.325,19
3467,28893.037,1.014,0.317,23
3468,28901.495,1.119,0.329,27
3469,28909.764,1.077,0.321,19
3470,28917.717,0.770,0.300,23
3471,28926.083,0.847,0.290,27
3472,28934.411,0.877,0.298,19
3473,28942.786,0.910,0.308,23
3474,28951.107,0.885,0.297,27
3475,28959.553,0.904,0.297,19
3476,28967.744,0.871,0.287,23
3477,28976.110,0.910,0.319,27
3478,28984.402,0.793,0.278,19
3479,28992.740,0.854,0.296,23
3480,29000.897,0.716,0.288,27
3481,29009.437,0.930,0.292,19
3482,29017.777,0.867,0.273,23
3483,29025.979,0.826,0.295,27
3484,29034.363,0.912,0.275,19
3485,29042.755,0.894,0.275,23
3486,29051.265,0.958,0.277,27
3487,29059.492,0.905,0.276,19
3488,29067.768,0.874,0.294,23
3489,29076.108,0.885,0.293,27
3490,29084.305,0.786,0.265,19
3491,29092.667,0.765,0.273,23
3492,29100.991,0.791,0.272,27
3493,29109.332,0.813,0.265,19
3494,29117.765,0.881,0.285,23
3495,29126.092,0.900,0.268,27
3496,29134.285,0.803,0.263,19
3497,29142.652,0.750,0.269,23
3498,29151.106,0.829,0.269,27
3499,29159.509,0.851,0.271,19
3500,29167.751,0.802,0.283,23
3501,29176.091,0.836,0.271,27
3502,29184.395,0.806,0.274,19
3503,29192.840,0.874,0.294,23
3504,29201.098,0.851,0.280,27
3505,29209.415,0.827,0.272,19
3506,29217.784,0.853,0.276,23
3507,29226.082,0.847,0.276,27
3508,29234.372,0.778,0.279,19
3509,29242.680,0.754,0.287,23
3510,29251.183,0.847,0.288,27
3511,29259.363,0.732,0.285,19
3512,29267.700,0.781,0.285,23
3513,29275.997,0.781,0.301,27
3514,29284.546,0.937,0.285,19
3515,29292.814,0.868,0.295,23
3516,29301.199,0.917,0.291,27
3517,29309.488,0.880,0.287,19
3518,29317.830,0.853,0.273,23
3519,29326.231,0.957,0.286,27
3520,29334.546,0.903,0.286,19
3521,29342.883,0.846,0.273,23
3522,29351.264,0.904,0.284,27
3523,29359.543,0.917,0.292,19
3524,29367.876,0.877,0.294,23
3525,29376.203,0.927,0.283,27
3526,29384.543,0.907,0.282,19
3527,29392.882,0.891,0.283,23
3528,29401.178,0.874,0.280,27
3529,29409.532,0.893,0.279,19
3530,29417.878,0.850,0.283,23
3531,29426.217,0.906,0.284,27
3532,29434.565,0.892,0.275,19
3533,29442.765,0.781,0.269,23
3534,29451.236,0.762,0.266,27
3535,29459.558,0.828,0.274,19
3536,29467.795,0.779,0.287,23
3537,29476.182,0.828,0.272,27
3538,29484.415,0.756,0.265,19
3539,29492.855,0.873,0.280,23
3540,29501.113,0.815,0.279,27
3541,29509.560,0.906,0.279,19
3542,29517.753,0.776,0.276,23
3543,29526.085,0.834,0.280,27
3544,29534.516,0.904,0.268,19
3545,29542.842,0.866,0.289,23
3546,29551.119,0.798,0.290,27
3547,29559.507,0.909,0.282,19
3548,29567.858,0.925,0.305,23
3549,29576.211,0.936,0.286,27
3550,29584.417,0.815,0.289,19
3551,29592.812,0.888,0.294,23
3552,29601.187,0.876,0.286,27
3553,29609.544,0.928,0.299,19
3554,29617.831,0.864,0.274,23
3555,29626.203,0.916,0.284,27
3556,29634.508,0.885,0.285,19
3557,29642.830,0.857,0.291,23
3558,29651.220,0.907,0.286,27
3559,29659.567,0.928,0.287,19
3560,29667.850,0.891,0.303,23
3561,29676.230,0.913,0.296,27
3562,29684.502,0.890,0.277,19
3563,29692.733,0.748,0.284,23
3564,29701.348,1.070,0.273,27
3565,29709.561,0.885,0.286,19
3566,29717.832,0.857,0.282,23
3567,29726.043,0.768,0.284,27
3568,29734.568,0.927,0.290,19
3569,29742.909,0.911,0.293,23
3570,29751.250,0.747,0.286,27
3571,29759.469,0.777,0.276,19
3572,29767.766,0.844,0.309,23
3573,29776.023,0.811,0.310,27
3574,29784.303,0.733,0.292,19
3575,29792.670,0.709,0.276,23
3576,29801.002,0.742,0.280,27
3577,29809.407,0.748,0.269,19
3578,29817.790,0.889,0.301,23
3579,29826.153,0.899,0.284,27
3580,29834.494,0.888,0.288,19
3581,29842.871,0.918,0.290,23
3582,29851.156,0.789,0.277,27
3583,29859.428,0.756,0.280,19
3584,29867.726,0.712,0.278,23
3585,29875.976,0.736,0.282,27
3586,29884.369,0.737,0.264,19
3587,29892.723,0.758,0.281,23
3588,29901.041,0.763,0.283,27
3589,29909.534,0.874,0.276,19
3590,29917.881,0.882,0.303,23
3591,29926.182,0.904,0.276,27
3592,29934.501,0.865,0.280,19
3593,29942.815,0.850,0.283,23
3594,29951.272,0.851,0.271,27
3595,29959.480,0.755,0.284,19
3596,29967.738,0.760,0.298,23
3597,29976.073,0.789,0.289,27
3598,29984.380,0.732,0.290,19
3599,29992.762,0.826,0.278,23
